<?xml version="1.0" encoding="UTF-8"?><metadata>
    <idinfo>
        <citation>
            <citeinfo>
                <origin/>
                <pubdate>20220228</pubdate>
                <title>BLM AIM TerrADat Point</title>
                <geoform>vector digital data</geoform>
                <pubinfo>
                    <publish>Bureau of Land Management</publish>
                </pubinfo>
                <onlink>https://blm-gbp-hub-blm-egis.hub.arcgis.com/ </onlink>
            </citeinfo>
        </citation>
        <descript>
            <abstract>This feature class includes monitoring data collected nationally to understand the status, condition, and trend of resources on BLM lands. Data are collected in accordance with the BLM Assessment, Inventory, and Monitoring (AIM) Strategy. The AIM Strategy specifies a probabilistic sampling design, standard core indicators and methods, electronic data capture and management, and integration with remote sensing. Attributes include the BLM terrestrial core indicators: bare ground, vegetation composition, plant species of management concern, non-native invasive species, and percent canopy gaps (see Entity/Attribute Section for exact details on attributes). Data were collected and managed by BLM Field Offices, BLM Districts, and/or affiliated field crews with support from the BLM National Operations Center. Data are stored in a centralized database (TerrADat) at the BLM National Operations Center.

The Terrestrial AIM data (TerrADat) dataset was collected by the BLM using the Monitoring Manual for Grassland, Shrubland, and Savannah Ecosystems (2nd edition; https://www.landscapetoolbox.org/manuals/monitoring-manual/). Also see Interpreting Indicators of Rangeland Health (version 4; https://www.landscapetoolbox.org/wp-content/uploads/2015/01/IIRHv4.pdf). The vast majority of monitoring locations were selected using spatially balanced, random sampling approaches and thus provide an unbiased representation of land conditions. However, these data should not be used for statistical or spatial inferences without knowledge of how the sample design was drawn or without calculating spatial weights for the points based on the sample design. General Definitions Noxious: Noxious status and growth form (forb, shrub, etc.) are designated for each BLM Administrative State using the state noxious list and local botany expertise often after consulting the USDA plants database. Non-Noxious: Non-Noxious status and growth form (forb, shrub, etc.) are designated for each BLM Administrative State using the state noxious list and local botany expertise often after consulting the USDA plants database. Sagebrush: Sagebrush species are designated for each BLM Administrative State using local botany expertise. Non-Sagebrush Shrub: Non Sagebrush Shrub species are designated for each BLM Administrative State as the plants determined to be shrubs that are not also Sagebrush. Tall Stature Perennial Grass: Tall Stature Perennial Grasses status was determined by Sage Grouse biologist and modified slightly in each state. Short Stature Perennial Grass: Short Stature Perennial Grasses status was determined by Sage Grouse biologist and modified slightly in each state. Preferred Forb: Preferred forb for Sage Grouse status was determined for each state by Sage Grouse biologist and other local experts. Live: The Core Methods measure Live vs Standing Dead plant cover – i.e. if a pin drop hits a plant part and that plant part is dead (even if it’s on a living plant) that hit is considered a dead hit. Any occurrence of Live Sagebrush calculations indicates that the measurement is only hits that were live plant parts. If a pin hits both a live and a standing dead plant part in the same pin drop – that hit is considered live.</abstract>
            <purpose>This point feature class shows the data from the terrestrial Assessment, Inventory, and Monitoring (AIM) program.  This dataset was created to monitor the status, condition and trend of national BLM resources in accordance with BLM policies. The methodology used for the collection of these data can be found on landscapetoolbox.org and the Monitoring Manual for Grassland, Shrubland and Savanna Ecosystems, 2nd Edition. These data should not be used for statistical or spatial inferences without knowledge of how the sample design was drawn or without calculating spatial weights for the points based on the sample design.</purpose>
        </descript>
        <timeperd>
            <timeinfo>
                <rngdates>
                    <begdate>20120101</begdate>
                    <enddate>20211001</enddate>
                </rngdates>
            </timeinfo>
            <current>Unknown</current>
        </timeperd>
        <status>
            <progress>In work</progress>
            <update>Annually</update>
        </status>
        <spdom>
            <bounding>
                <westbc>-160.078231</westbc>
                <eastbc>-99.033047</eastbc>
                <northbc>71.325605</northbc>
                <southbc>31.102034</southbc>
            </bounding>
        </spdom>
        <keywords>
            <theme>
                <themekt>BLM-THEME</themekt>
                <themekey>Endangered</themekey>
                <themekey>Hydrology</themekey>
                <themekey>Range</themekey>
                <themekey>Vegetation</themekey>
                <themekey>Wildlife</themekey>
            </theme>
            <theme>
                <themekt>NONE</themekt>
                <themekey>AIM</themekey>
                <themekey>AIM_AK</themekey>
                <themekey>AIM_AZ</themekey>
                <themekey>AIM_CA</themekey>
                <themekey>AIM_CO</themekey>
                <themekey>AIM_ID</themekey>
                <themekey>AIM_MTDA</themekey>
                <themekey>AIM_NATL</themekey>
                <themekey>AIM_NM</themekey>
                <themekey>AIM_NV</themekey>
                <themekey>AIM_ORWA</themekey>
                <themekey>AIM_UT</themekey>
                <themekey>AIM_WY</themekey>
                <themekey>AK</themekey>
                <themekey>Assessment</themekey>
                <themekey>AZ</themekey>
                <themekey>BLM</themekey>
                <themekey>Bureau of Land Management</themekey>
                <themekey>CA</themekey>
                <themekey>CO</themekey>
                <themekey>dryland</themekey>
                <themekey>Gap Intercept</themekey>
                <themekey>Grass</themekey>
                <themekey>Greater Sage Grouse</themekey>
                <themekey>GRSG</themekey>
                <themekey>ID</themekey>
                <themekey>Inventory</themekey>
                <themekey>Line-point Intercept</themekey>
                <themekey>Monitoring</themekey>
                <themekey>Monitoring Methods</themekey>
                <themekey>MT</themekey>
                <themekey>NM</themekey>
                <themekey>NV</themekey>
                <themekey>OR</themekey>
                <themekey>Plant Census</themekey>
                <themekey>Rangeland</themekey>
                <themekey>Remote Sensing</themekey>
                <themekey>Sagebrush</themekey>
                <themekey>Science</themekey>
                <themekey>Shrub</themekey>
                <themekey>Soil</themekey>
                <themekey>Soil Aggregate Stability</themekey>
                <themekey>UT</themekey>
                <themekey>Water Erosion</themekey>
                <themekey>Wind Erosion</themekey>
                <themekey>WY</themekey>
            </theme>
            <theme>
                <themekt>ISO 19115 Topic Categories</themekt>
                <themekey>health</themekey>
                <themekey>biota</themekey>
                <themekey>environment</themekey>
            </theme>
            <place>
                <placekt>BLM-STATE</placekt>
                <placekey>Alaska</placekey>
                <placekey>Arizona</placekey>
                <placekey>California</placekey>
                <placekey>Colorado</placekey>
                <placekey>Idaho</placekey>
                <placekey>Montana</placekey>
                <placekey>Nevada</placekey>
                <placekey>New Mexico</placekey>
                <placekey>Oregon</placekey>
                <placekey>Utah</placekey>
                <placekey>Wyoming</placekey>
            </place>
            <place>
                <placekt>NONE</placekt>
                <placekey>Alaska, AK, Utah, UT, Colorado, CO, Wyoming, WY, Montana, MT, Nevada, NV, California, CA, Oregon, OR, New Mexico, NM, Arizona, AZ, Idaho, ID</placekey>
            </place>
        </keywords>
        <accconst>None, these data are considered public domain.</accconst>
        <useconst>These data are provided by Bureau of Land Management (BLM) 'as is' and might contain errors or omissions. The User assumes the entire risk associated with its use of these data and bears all responsibility in determining whether these data are fit for the User's intended use. The information contained in these data is dynamic and may change over time. The data are not better than the sources from which they were derived, and both scale and accuracy may vary across the data set. These data might not have the accuracy, resolution, completeness, timeliness, or other characteristics appropriate for applications that potential users of the data may contemplate. The User is encouraged to carefully consider the content of the metadata file associated with these data. These data are neither legal documents nor land surveys, and must not be used as such. Official records may be referenced at most BLM offices. Please report any errors in the data to the BLM office from which it was obtained. The BLM should be cited as the data source in any products derived from these data. Any Users wishing to modify the data should describe the types of modifications they have performed. The User should not misrepresent the data, nor imply that changes made were approved or endorsed by BLM. This data may be updated by the BLM without notification.</useconst>
        <ptcontac>
            <cntinfo>
                <cntorgp>
                    <cntorg>BLM</cntorg>
                    <cntper>AIM Terrestrial Program Manager</cntper>
                </cntorgp>
                <cntpos>AIM Terrestrial Project Manager</cntpos>
                <cntaddr>
                    <addrtype>mailing and physical</addrtype>
                    <address>BLM National Operations Center; Denver Federal Center,Building 50</address>
                    <city>Lakewood</city>
                    <state>CO</state>
                    <postal>80225</postal>
                    <country>US</country>
                </cntaddr>
                <cntvoice>303-236-8857</cntvoice>
                <cntemail>BLM_OC_AIM_Data@blm.gov</cntemail>
                <hours>Normal business hours</hours>
                <cntinst>Email is best method of contact.</cntinst>
            </cntinfo>
        </ptcontac>
        <ptcontac>
            <cntinfo>
                <cntorgp>
                    <cntorg>BLM</cntorg>
                    <cntper>AIM Terrestrial Program Manager</cntper>
                </cntorgp>
                <cntpos>AIM Terrestrial Project Manager</cntpos>
                <cntaddr>
                    <addrtype>mailing and physical</addrtype>
                    <address>BLM National Operations Center; Denver Federal Center,Building 50</address>
                    <city>Lakewood</city>
                    <state>CO</state>
                    <postal>80225</postal>
                    <country>US</country>
                </cntaddr>
                <cntvoice>303-236-8857</cntvoice>
                <cntemail>BLM_OC_AIM_Data@blm.gov</cntemail>
                <hours>Normal business hours</hours>
                <cntinst>Email is best method of contact.</cntinst>
            </cntinfo>
        </ptcontac>
        <datacred>US Department of the Interior - Bureau of Land Management (BLM).  Assessment, Inventory, and Monitoring (AIM) Project Team</datacred>
        <native>Esri ArcGIS 12.8.0.29751</native>
    </idinfo>
    <dataqual>
        <attracc>
            <attraccr>Only plots where all core AIM terrestrial methodologies were collected and the data were quality checked are included.</attraccr>
        </attracc>
        <logic>One point for each AIM terrestrial method plot.</logic>
        <complete>Only plots where all core AIM terrestrial methodologies were collected and the data were quality checked are included.</complete>
        <posacc>
            <horizpa>
                <horizpar>Points collected with GPS units including mobile devices such as commercial tablets.</horizpar>
            </horizpa>
        </posacc>
        <lineage>
            <procstep>
                <procdesc>Quality control Python script was run on all data to check for errors. Indicators were calculated using statistical scripts and further checked for quality.  This process is run on all new datasets ingested each year from each state dataset, and is periodically re-run on the entire dataset.</procdesc>
                <procdate>20220101</procdate>
                <proccont>
                    <cntinfo>
                        <cntorgp>
                            <cntorg>BLM</cntorg>
                            <cntper>AIM Terrestrial Program Manager</cntper>
                        </cntorgp>
                        <cntpos>AIM Terrestrial Project Manager</cntpos>
                        <cntaddr>
                            <addrtype>mailing and physical</addrtype>
                            <address>BLM National Operations Center; Denver Federal Center,Building 50</address>
                            <city>Lakewood</city>
                            <state>CO</state>
                            <postal>80225</postal>
                            <country>US</country>
                        </cntaddr>
                        <cntvoice>303-236-8857</cntvoice>
                        <cntemail>BLM_OC_AIM_Data@blm.gov</cntemail>
                        <hours>Normal business hours</hours>
                        <cntinst>Email is best method of contact.</cntinst>
                    </cntinfo>
                </proccont>
            </procstep>
        </lineage>
    </dataqual>
    <spdoinfo>
        <direct>Vector</direct>
        <ptvctinf>
            <sdtsterm>
                <sdtstype>Entity point</sdtstype>
                <ptvctcnt>0</ptvctcnt>
            </sdtsterm>
        </ptvctinf>
    </spdoinfo>
    <eainfo>
        <detailed>
            <enttyp>
                <enttypl>TerrADat</enttypl>
                <enttypd>Feature Class</enttypd>
            </enttyp>
            <attr>
                <attrlabl>OBJECTID</attrlabl>
                <attrdef>Internal ID number.</attrdef>
                <attrdefs>Esri</attrdefs>
                <attrdomv>
                                        
                    <udom>Sequential unique whole numbers that are automatically generated.</udom>
                                    
                </attrdomv>
            </attr>
            <attr>
                <attrlabl>Shape</attrlabl>
                <attrdef>Feature geometry.</attrdef>
                <attrdefs>Esri</attrdefs>
                <attrdomv>
                                        
                    <udom>Coordinates defining the features.</udom>
                                    
                </attrdomv>
            </attr>
            <attr>
                <attrlabl>ProjectName</attrlabl>
                <attrdef>Refers to the broader project area the data was collected in. Generally includes the state, BLM management office and year</attrdef>
            </attr>
            <attr>
                <attrlabl>EcologicalSiteId</attrlabl>
                <attrdef>Unique ID referring to the ecological site, defined by NRCS as "a distinctive kind of land with specific characteristics that differs from other kinds of land in its ability to produce a distinctive kind and amount of vegetation." ID's are from the Ecological Site Information System (https://esis.sc.egov.usda.gov/About.aspx) or the Ecological Dynamics Interpretive Tool (EDIT) (https://edit.jornada.nmsu.edu/page?content=about).</attrdef>
            </attr>
            <attr>
                <attrlabl>PlotID</attrlabl>
                <attrdef>Name for each location or "plot" where data is collected, as assigned by the data collector. Formats vary. Duplicate Plot ID's may exist among different Sites, Projects, or Years but not within the same Site, Project, and Year. Each AIM plot is the center point of a 30-meter radius (60-meter diameter) circle in which monitoring indicators (data set attributes) were collected. Most of the attributes were collected along three, 25-meter transects, offset from the center point by 5 meters, radiating out from the center point at 0, 120, and 240 degrees.</attrdef>
            </attr>
            <attr>
                <attrlabl>Latitude_NAD83</attrlabl>
                <attrdef>The latitude of the plot location in the NAD83 datum.</attrdef>
            </attr>
            <attr>
                <attrlabl>Longitude_NAD83</attrlabl>
                <attrdef>The longitude of the plot location in the NAD83 datum.</attrdef>
            </attr>
            <attr>
                <attrlabl>PlotKey</attrlabl>
                <attrdef>Unique numeric ID associated with each plot location. This is generated by the Data Collection tool the first time the plot is created. Future visits to the same plot may or may not use the same Plot Key if the same DIMA is used.</attrdef>
            </attr>
            <attr>
                <attrlabl>DateEstablished</attrlabl>
                <attrdef>The date the plot was established in DIMA.</attrdef>
            </attr>
            <attr>
                <attrlabl>PhotoLink</attrlabl>
                <attrdef>Link to photos of plot</attrdef>
            </attr>
            <attr>
                <attrlabl>DateVisited</attrlabl>
                <attrdef>The date that data were collected at the plot.</attrdef>
            </attr>
            <attr>
                <attrlabl>BareSoilCover</attrlabl>
                <attrdef>The basal cover of soil in the plot, not including soil that has cover above it. For example, points with sagebrush over bare soil are not counted in this indicator, also points with rock as the soil surface code are not counted in this indicator. This indicator is derived from the Line Point Intercept method (typically 150 points on three transects per plot).</attrdef>
            </attr>
            <attr>
                <attrlabl>TotalFoliarCover</attrlabl>
                <attrdef>The foliar cover of plants in the plot. This indicator is derived from the Line Point Intercept method (typically 150 points on three transects per plot). </attrdef>
            </attr>
            <attr>
                <attrlabl>GapCover_25_50</attrlabl>
                <attrdef>The percentage of the plot's soil surface covered by gaps between plant canopies that are from 25-50 cm in size. This indicator is measured using the Gap Intercept method (commonly three transects per plot).</attrdef>
            </attr>
            <attr>
                <attrlabl>GapCover_51_100</attrlabl>
                <attrdef>The percentage of the plot's soil surface covered by gaps between plant canopies that are from 51-100 cm in size. This indicator is measured using the Gap Intercept method (commonly three transects per plot).</attrdef>
            </attr>
            <attr>
                <attrlabl>GapCover_101_200</attrlabl>
                <attrdef>The percentage of the plot's soil surface covered by gaps between plant canopies that are from 101-200 cm in size. This indicator is measured using the Gap Intercept method (commonly three transects per plot).</attrdef>
            </attr>
            <attr>
                <attrlabl>GapCover_200_plus</attrlabl>
                <attrdef>The percentage of the plot's soil surface covered by gaps between plant canopies that are greater than 200 cm in size. This indicator is measured using the Gap Intercept method (commonly three transects per plot).</attrdef>
            </attr>
            <attr>
                <attrlabl>GapCover_25_plus</attrlabl>
                <attrdef>The percentage of the plot's soil surface covered by gaps between plant canopies that are greater than 25 cm in size. This indicator is measured using the Gap Intercept method (commonly three transects per plot).</attrdef>
            </attr>
            <attr>
                <attrlabl>AH_SagebrushCover</attrlabl>
                <attrdef>The cover of sagebrush in the plot. This indicator is derived from the Line Point Intercept method (typically 150 points on three transects per plot).</attrdef>
            </attr>
            <attr>
                <attrlabl>Hgt_Woody_Avg</attrlabl>
                <attrdef>Average height in cm of woody plants in the plot. This was collected using the Vegetation Height method (the Vegetation height core method measures 30 points on 3 transects per plot).  Any instance where a species was measured as a Woody height but the code in the species list is a NonWoody species, these measurements will be dropped. Heights where a species code was recorded but the height =0 are included in the height measurements.</attrdef>
            </attr>
            <attr>
                <attrlabl>Hgt_Herbaceous_Avg</attrlabl>
                <attrdef>Average height of herbaceous plants in the plot. This was collected using the Vegetation Height method (the Vegetation height core method measures 30 points on 3 transects per plot). Any instance where a species was measured as a NonWoody height but the code in the species list is a Woody species, these measurements will be dropped. Heights where a species code was recorded but the height =0 are included in the height measurements.</attrdef>
            </attr>
            <attr>
                <attrlabl>Hgt_NonSagebrushShrub_Avg</attrlabl>
                <attrdef>Average height in cm of non-sagebrush shrubs. This was collected using the Vegetation Height protocol (the Vegetation height core method measures 30 points on 3 transects per plot; supplemental height measurements may be included in the calculation of this indicator). Any instance where a species was measured as a Woody height but the code in the species list is a NonWoody species, these measurements will be dropped. Heights where a species code was recorded but the height =0 are included in the height measurements.</attrdef>
            </attr>
            <attr>
                <attrlabl>SoilStability_All</attrlabl>
                <attrdef>The average soil aggregate stability of all samples in the plot. This indicator is measured using the Soil Aggregate Stability Test (up to 18 samples per plot). In this test, stability ranges from 1-6, with 1 being the least stable and 6 being the most stable.</attrdef>
            </attr>
            <attr>
                <attrlabl>SoilStability_Protected</attrlabl>
                <attrdef>The average soil aggregate stability of samples collected under plant canopies in the plot. This indicator is measured using the Soil Aggregate Stability Test (up to 18 samples per plot). In this test, stability ranges from 1-6, with 1 being the least stable and 6 being the most stable.</attrdef>
            </attr>
            <attr>
                <attrlabl>SoilStability_Unprotected</attrlabl>
                <attrdef>The average soil aggregate stability of samples collected between plant canopies (e.g., with no cover directly above them) in the plot. This indicator is measured using the Soil Aggregate Stability Test (up to 18 samples per plot). In this test, stability ranges from 1-6, with 1 being the least stable and 6 being the most stable.</attrdef>
            </attr>
            <attr>
                <attrlabl>AH_NoxPerenForbCover</attrlabl>
                <attrdef>The cover of noxious perennial forbs in the plot. This indicator is derived from the Line Point Intercept method (typically 150 points on three transects per plot).</attrdef>
            </attr>
            <attr>
                <attrlabl>AH_NoxAnnForbCover</attrlabl>
                <attrdef>The cover of noxious annual forbs in the plot. This indicator is derived from the Line Point Intercept method (typically 150 points on three transects per plot).</attrdef>
            </attr>
            <attr>
                <attrlabl>AH_NoxPerenGrassCover</attrlabl>
                <attrdef>The cover of noxious perennial grasses in the plot. This indicator is derived from the Line Point Intercept method (typically 150 points on three transects per plot).</attrdef>
            </attr>
            <attr>
                <attrlabl>AH_NoxAnnGrassCover</attrlabl>
                <attrdef>The cover of noxious annual grasses in the plot. This indicator is derived from the Line Point Intercept method (typically 150 points on three transects per plot).</attrdef>
            </attr>
            <attr>
                <attrlabl>AH_NoxAnnForbGrassCover</attrlabl>
                <attrdef>The cover of noxious annuals (forbs and grasses) in the plot. This indicator is derived from the Line Point Intercept method (typically 150 points on three transects per plot).</attrdef>
            </attr>
            <attr>
                <attrlabl>AH_NoxPerenForbGrassCover</attrlabl>
                <attrdef>The cover of noxious perennial forbs and grasses in the plot. This indicator is derived from the Line Point Intercept method (typically 150 points on three transects per plot).</attrdef>
            </attr>
            <attr>
                <attrlabl>AH_NoxSucculentCover</attrlabl>
                <attrdef>The cover of noxious succulents in the plot. This indicator is derived from the Line Point Intercept method (typically 150 points on three transects per plot).</attrdef>
            </attr>
            <attr>
                <attrlabl>AH_NoxShrubCover</attrlabl>
                <attrdef>The cover of noxious shrubs in the plot. This indicator is derived from the Line Point Intercept method (typically 150 points on three transects per plot).</attrdef>
            </attr>
            <attr>
                <attrlabl>AH_NoxSubShrubCover</attrlabl>
                <attrdef>The cover of noxious sub-shrubs in the plot. This indicator is derived from the Line Point Intercept method (typically 150 points on three transects per plot).</attrdef>
            </attr>
            <attr>
                <attrlabl>AH_NoxTreeCover</attrlabl>
                <attrdef>The cover of noxious trees in the plot. This indicator is derived from the Line Point Intercept method (typically 150 points on three transects per plot). </attrdef>
            </attr>
            <attr>
                <attrlabl>NumSpp_NoxPlant</attrlabl>
                <attrdef>Count of noxious plant species found in the entire plot area during a timed search (Species Inventory).</attrdef>
            </attr>
            <attr>
                <attrlabl>AH_NonNoxPerenForbCover</attrlabl>
                <attrdef>The cover of non-noxious perennial forbs in the plot. This indicator is derived from the Line Point Intercept method (typically 150 points on three transects per plot).</attrdef>
            </attr>
            <attr>
                <attrlabl>AH_NonNoxAnnForbCover</attrlabl>
                <attrdef>The cover of non-noxious annual forbs in the plot. This indicator is derived from the Line Point Intercept method (typically 150 points on three transects per plot).</attrdef>
            </attr>
            <attr>
                <attrlabl>AH_NonNoxPerenGrassCover</attrlabl>
                <attrdef>The cover of non-noxious perennial grasses in the plot. This indicator is derived from the Line Point Intercept method (typically 150 points on three transects per plot).</attrdef>
            </attr>
            <attr>
                <attrlabl>AH_NonNoxAnnGrassCover</attrlabl>
                <attrdef>The cover of non-noxious annual grasses in the plot. This indicator is derived from the Line Point Intercept method (typically 150 points on three transects per plot).</attrdef>
            </attr>
            <attr>
                <attrlabl>AH_NonNoxAnnForbGrassCover</attrlabl>
                <attrdef>The cover of non-noxious annual forbs and grasses in the plot. This indicator is derived from the Line Point Intercept method (typically 150 points on three transects per plot).</attrdef>
            </attr>
            <attr>
                <attrlabl>AH_NonNoxPerenForbGrassCover</attrlabl>
                <attrdef>The cover of non-noxious perennial forbs and grasses in the plot. This indicator is derived from the Line Point Intercept method (typically 150 points on three transects per plot).</attrdef>
            </attr>
            <attr>
                <attrlabl>AH_NonNoxSucculentCover</attrlabl>
                <attrdef>The cover of non-noxious succulents in the plot. This indicator is derived from the Line Point Intercept method (typically 150 points on three transects per plot).</attrdef>
            </attr>
            <attr>
                <attrlabl>AH_NonNoxShrubCover</attrlabl>
                <attrdef>The cover of non-noxious shrubs in the plot. This indicator is derived from the Line Point Intercept method (typically 150 points on three transects per plot).</attrdef>
            </attr>
            <attr>
                <attrlabl>AH_NonNoxSubShrubCover</attrlabl>
                <attrdef>The cover of non-noxious sub-shrubs in the plot. This indicator is derived from the Line Point Intercept method (typically 150 points on three transects per plot).</attrdef>
            </attr>
            <attr>
                <attrlabl>AH_NonNoxTreeCover</attrlabl>
                <attrdef>The cover of non-noxious trees in the plot. This indicator is derived from the Line Point Intercept method (typically 150 points on three transects per plot).</attrdef>
            </attr>
            <attr>
                <attrlabl>Hgt_NonNoxPerenGrass_Avg</attrlabl>
                <attrdef>Average height in cm of non-noxious perennial grasses in the plot. This was collected using the Vegetation Height protocol (the Vegetation height core method measures 30 points on 3 transects per plot; supplemental height measurements may be included in the calculation of this indicator).  Any instance where a species was measured as a NonWoody height but the code in the species list is a Woody species, these measurements will be dropped. Heights where a species code was recorded but the height =0 are included in the height measurements.</attrdef>
            </attr>
            <attr>
                <attrlabl>Hgt_NoxPerenGrass_Avg</attrlabl>
                <attrdef>Average height in cm of noxious perennial grasses in the plot. This was collected using the Vegetation Height protocol (the Vegetation height core method measures 30 points on 3 transects per plot; supplemental height measurements may be included in the calculation of this indicator).  Any instance where a species was measured as a NonWoody height but the code in the species list is a Woody species, these measurements will be dropped. Heights where a species code was recorded but the height =0 are included in the height measurements.</attrdef>
            </attr>
            <attr>
                <attrlabl>DateLoadedInDb</attrlabl>
                <attrdef>Date that the data were uploaded into TerrADat. Follows a standard date but changes with the year data was collected (YYYY-09-01).  If a plot was sampled twice in one year, a different standard data such as YYYY-03-01.</attrdef>
            </attr>
            <attr>
                <attrlabl>PrimaryKey</attrlabl>
                <attrdef>Unique identifier for each plot. It includes the plotkey as well as the date loaded into TerrADat.</attrdef>
            </attr>
            <attr>
                <attrlabl>NumSpp_NonNoxPlant</attrlabl>
                <attrdef>Count of non-noxious plant species found in the entire plot area during a timed search (Species Inventory).</attrdef>
            </attr>
            <attr>
                <attrlabl>Hgt_PerenGrass_Avg</attrlabl>
                <attrdef>Average height in cm of perennial grasses in the plot. This was collected using the Vegetation Height protocol (the Vegetation height core method measures 30 points on 3 transects per plot; supplemental height measurements may be included in the calculation of this indicator). Any instance where a species was measured as a NonWoody height but the code in the species list is a Woody species, these measurements will be dropped. Heights where a species code was recorded but the height =0 are included in the height measurements.</attrdef>
            </attr>
            <attr>
                <attrlabl>FH_NoxPerenGrassCover</attrlabl>
                <attrdef>The cover of noxious perennial grasses (first hit) in the plot, not including grasses that have cover above them. For example, points with sagebrush over noxious perennial grasses are not counted in this indicator. This indicator is derived from the Line Point Intercept method (typically 150 points on three transects per plot).</attrdef>
            </attr>
            <attr>
                <attrlabl>FH_NoxShrubCover</attrlabl>
                <attrdef>The cover of noxious shrubs (first hit) in the plot, not including shrubs that have cover above them. For example, points with sagebrush over noxious shrubs are not counted in this indicator. This indicator is derived from the Line Point Intercept method (typically 150 points on three transects per plot).</attrdef>
            </attr>
            <attr>
                <attrlabl>FH_TotalLitterCover</attrlabl>
                <attrdef>The cover of total litter (first hit), both herbaceous and woody, in the plot, not including litter that has cover above it. For example, points with sagebrush over litter are not counted in this indicator. This indicator is derived from the Line Point Intercept method (150 total points on three transects per plot).</attrdef>
            </attr>
            <attr>
                <attrlabl>FH_NoxSubShrubCover</attrlabl>
                <attrdef>The cover of noxious sub-shrubs (first hit) in the plot, not including sub-shrubs that have cover above them. For example, points with sagebrush over noxious sub-shrubs are not counted in this indicator. This indicator is derived from the Line Point Intercept method (typically 150 points on three transects per plot).</attrdef>
            </attr>
            <attr>
                <attrlabl>FH_NoxSucculentCover</attrlabl>
                <attrdef>The cover of noxious succulents (first hit) in the plot, not including trees that have cover above them. For example, points with sagebrush over tree seedlings are not counted in this indicator. This indicator is derived from the Line Point Intercept method (typically 150 points on three transects per plot).</attrdef>
            </attr>
            <attr>
                <attrlabl>FH_NoxTreeCover</attrlabl>
                <attrdef>The cover of noxious trees (first hit) in the plot, not including trees that have cover above them. For example, points with sagebrush over tree seedlings are not counted in this indicator. This indicator is derived from the Line Point Intercept method (typically 150 points on three transects per plot).</attrdef>
            </attr>
            <attr>
                <attrlabl>FH_VagrLichenCover</attrlabl>
                <attrdef>The cover of vagrant lichen (first hit) in the plot, not including vagrant lichen that has cover above it. For example, points with sagebrush over vagrant lichen are not counted in this indicator. This indicator is derived from the Line Point Intercept method (150 total points on three transects per plot).</attrdef>
            </attr>
            <attr>
                <attrlabl>FH_EmbLitterCover</attrlabl>
                <attrdef>The cover of embedded litter (first hit) in the plot, not including litter that has cover above it. For example, points with sagebrush over embedded litter are not counted in this indicator. This indicator is derived from the Line Point Intercept method (150 total points on three transects per plot).</attrdef>
            </attr>
            <attr>
                <attrlabl>FH_RockCover</attrlabl>
                <attrdef>The cover (first hit) of rock (rock, boulder, cobble, gravel, bedrock, and stone) in the plot, not including rock that has cover above it. For example, points with sagebrush over rock are not counted in this indicator. This indicator is derived from the Line Point Intercept method (150 total points on three transects per plot).</attrdef>
            </attr>
            <attr>
                <attrlabl>FH_WoodyLitterCover</attrlabl>
                <attrdef>The cover of woody litter (first hit) in the plot, not including litter that has cover above it. For example, points with sagebrush over woody litter are not counted in this indicator. This indicator is derived from the Line Point Intercept method (150 total points on three transects per plot).</attrdef>
            </attr>
            <attr>
                <attrlabl>FH_NonNoxAnnGrassCover</attrlabl>
                <attrdef>The cover of non-noxious annual forbs (first hit) in the plot, not including grasses that have cover above them. For example, points with sagebrush over non-noxious annual grasses are not counted in this indicator. This indicator is derived from the Line Point Intercept method (typically 150 points on three transects per plot).</attrdef>
            </attr>
            <attr>
                <attrlabl>FH_CyanobacteriaCover</attrlabl>
                <attrdef>The cover of cyanobacterial crust (first hit) in the plot, not including biological crust that has cover above it. For example, points with sagebrush over biological crust are not counted in this indicator. This indicator is derived from the Line Point Intercept method (150 total points on three transects per plot).</attrdef>
            </attr>
            <attr>
                <attrlabl>FH_NonNoxTreeCover</attrlabl>
                <attrdef>The cover of non-noxious trees (first hit) in the plot, not including trees that have cover above them. For example, points with sagebrush over tree seedlings are not counted in this indicator. This indicator is derived from the Line Point Intercept method (typically 150 points on three transects per plot).</attrdef>
            </attr>
            <attr>
                <attrlabl>FH_NonNoxSubShrubCover</attrlabl>
                <attrdef>The cover of non-noxious sub-shrubs (first hit) in the plot, not including sub-shrubs that have cover above them. For example, points with sagebrush over sub-shrubs are not counted in this indicator. This indicator is derived from the Line Point Intercept method (typically 150 points on three transects per plot).</attrdef>
            </attr>
            <attr>
                <attrlabl>FH_WaterCover</attrlabl>
                <attrdef>The cover of water (first hit) in the plot, not including water that has cover above it. For example, points with perennial grass over water are not counted in this indicator. This indicator is derived from the Line Point Intercept method (150 total points on three transects per plot).</attrdef>
            </attr>
            <attr>
                <attrlabl>FH_HerbLitterCover</attrlabl>
                <attrdef>The cover of herbaceous litter (first hit) in the plot, not including litter that has cover above it. For example, points with sagebrush over herbaceous litter are not counted in this indicator. This indicator is derived from the Line Point Intercept method (150 total points on three transects per plot).</attrdef>
            </attr>
            <attr>
                <attrlabl>FH_NonNoxPerenForbCover</attrlabl>
                <attrdef>The cover of non-noxious perennial forbs (first hit) in the plot, not including forbs that have cover above them. For example, points with sagebrush over non-noxious perennial forbs are not counted in this indicator. This indicator is derived from the Line Point Intercept method (typically 150 points on three transects per plot).</attrdef>
            </attr>
            <attr>
                <attrlabl>FH_DepSoilCover</attrlabl>
                <attrdef>The cover of deposited soil (first hit) in the plot, not including deposited soil that has cover above it. For example, points with sagebrush over deposited soil are not counted in this indicator. This indicator is derived from the Line Point Intercept method (150 total points on three transects per plot).</attrdef>
            </attr>
            <attr>
                <attrlabl>FH_NonNoxPerenGrassCover</attrlabl>
                <attrdef>The cover of non-noxious perennial grasses (first hit) in the plot, not including grasses that have cover above them. For example, points with sagebrush over non-noxious perennial grasses are not counted in this indicator. This indicator is derived from the Line Point Intercept method (typically 150 points on three transects per plot).</attrdef>
            </attr>
            <attr>
                <attrlabl>FH_NoxAnnForbCover</attrlabl>
                <attrdef>The cover of noxious annual forbs (first hit) in the plot, not including forbs that have cover above them. For example, points with sagebrush over noxious annual forbs are not counted in this indicator. This indicator is derived from the Line Point Intercept method (typically 150 points on three transects per plot).</attrdef>
            </attr>
            <attr>
                <attrlabl>FH_NonNoxAnnForbCover</attrlabl>
                <attrdef>The cover of non-noxious annual forbs (first hit) in the plot, not including forbs that have cover above them. For example, points with sagebrush over non-noxious annual forbs are not counted in this indicator. This indicator is derived from the Line Point Intercept method (typically 150 points on three transects per plot).</attrdef>
            </attr>
            <attr>
                <attrlabl>FH_LichenCover</attrlabl>
                <attrdef>The cover of lichens (first hit) in the plot, not including lichens that have cover above them. For example, points with sagebrush over lichen are not counted in this indicator. This indicator is derived from the Line Point Intercept method (150 total points on three transects per plot).</attrdef>
            </attr>
            <attr>
                <attrlabl>FH_NonNoxShrubCover</attrlabl>
                <attrdef>The cover of non-noxious shrubs (first hit) in the plot, not including shrubs that have cover above them. For example, points with trees over shrubs are not counted in this indicator. This indicator is derived from the Line Point Intercept method (typically 150 points on three transects per plot).</attrdef>
            </attr>
            <attr>
                <attrlabl>FH_SagebrushCover</attrlabl>
                <attrdef>The cover of sagebrush (first hit) in the plot, not including sagebrush that has cover above it. For example, points with trees over sagebrush are not counted in this indicator. This indicator is derived from the Line Point Intercept method (typically 150 points on three transects per plot).</attrdef>
            </attr>
            <attr>
                <attrlabl>FH_NoxPerenForbCover</attrlabl>
                <attrdef>The cover of noxious perennial forbs (first hit) in the plot, not including forbs that have cover above them. For example, points with sagebrush over noxious perennial forbs are not counted in this indicator. This indicator is derived from the Line Point Intercept method (typically 150 points on three transects per plot).</attrdef>
            </attr>
            <attr>
                <attrlabl>FH_NoxAnnGrassCover</attrlabl>
                <attrdef>The cover of noxious annual forbs (first hit) in the plot, not including forbs that have cover above them. For example, points with sagebrush over noxious annual forbs are not counted in this indicator. This indicator is derived from the Line Point Intercept method (typically 150 points on three transects per plot).</attrdef>
            </attr>
            <attr>
                <attrlabl>FH_NonNoxSucculentCover</attrlabl>
                <attrdef>The cover of non-noxious succulents (first hit) in the plot, not including succulents that have cover above them. For example, points with sagebrush over succulents are not counted in this indicator. This indicator is derived from the Line Point Intercept method (typically 150 points on three transects per plot).</attrdef>
            </attr>
            <attr>
                <attrlabl>RH_Rills</attrlabl>
                <attrdef>Degree of rill formation departure from reference conditions (NS: None to Slight, SM: Slight to Moderate, MO: Moderate, ME: Moderate to Extreme, ET: Extreme to Total). Based on Interpreting Indicators of Rangeland Health Technical Reference 1734-6 (https://www.landscapetoolbox.org/manuals/iirhv5/).</attrdef>
            </attr>
            <attr>
                <attrlabl>RH_WaterFlowPatterns</attrlabl>
                <attrdef>Degree of water flow patterns formation departure from reference conditions (NS: None to Slight, SM: Slight to Moderate, MO: Moderate, ME: Moderate to Extreme, ET: Extreme to Total). Based on Interpreting Indicators of Rangeland Health Technical Reference 1734-6 (https://www.landscapetoolbox.org/manuals/iirhv5/).</attrdef>
            </attr>
            <attr>
                <attrlabl>RH_BareGround</attrlabl>
                <attrdef>Degree of bare ground exposure departure from reference conditions (NS: None to Slight, SM: Slight to Moderate, MO: Moderate, ME: Moderate to Extreme, ET: Extreme to Total). Based on Interpreting Indicators of Rangeland Health Technical Reference 1734-6 (https://www.landscapetoolbox.org/manuals/iirhv5/).</attrdef>
            </attr>
            <attr>
                <attrlabl>RH_Gullies</attrlabl>
                <attrdef>Degree of gully formation departure from reference conditions (NS: None to Slight, SM: Slight to Moderate, MO: Moderate, ME: Moderate to Extreme, ET: Extreme to Total). Based on Interpreting Indicators of Rangeland Health Technical Reference 1734-6 (https://www.landscapetoolbox.org/manuals/iirhv5/).</attrdef>
            </attr>
            <attr>
                <attrlabl>RH_WindScouredAreas</attrlabl>
                <attrdef>Degree of wind scoured and depositional area and connectivity departure from reference conditions (NS: None to Slight, SM: Slight to Moderate, MO: Moderate, ME: Moderate to Extreme, ET: Extreme to Total). Based on Interpreting Indicators of Rangeland Health Technical Reference 1734-6 (https://www.landscapetoolbox.org/manuals/iirhv5/).</attrdef>
            </attr>
            <attr>
                <attrlabl>RH_LitterMovement</attrlabl>
                <attrdef>Degree of litter movement due to water or wind departure from reference conditions (NS: None to Slight, SM: Slight to Moderate, MO: Moderate, ME: Moderate to Extreme, ET: Extreme to Total). Based on Interpreting Indicators of Rangeland Health Technical Reference 1734-6 (https://www.landscapetoolbox.org/manuals/iirhv5/).</attrdef>
            </attr>
            <attr>
                <attrlabl>RH_SoilSurfResisErosion</attrlabl>
                <attrdef>Degree of reduced soil surface resistance to erosion departure from reference conditions (NS: None to Slight, SM: Slight to Moderate, MO: Moderate, ME: Moderate to Extreme, ET: Extreme to Total). Based on Interpreting Indicators of Rangeland Health Technical Reference 1734-6 (https://www.landscapetoolbox.org/manuals/iirhv5/).</attrdef>
            </attr>
            <attr>
                <attrlabl>RH_SoilSurfLossDeg</attrlabl>
                <attrdef>Degree of soil surface loss and degradation from wind and water erosion departure from reference conditions (NS: None to Slight, SM: Slight to Moderate, MO: Moderate, ME: Moderate to Extreme, ET: Extreme to Total). Based on Interpreting Indicators of Rangeland Health Technical Reference 1734-6 (https://www.landscapetoolbox.org/manuals/iirhv5/).</attrdef>
            </attr>
            <attr>
                <attrlabl>RH_Compaction</attrlabl>
                <attrdef>Presence or absence of a compaction layer, distribution of the layer, and density and thickness as a departure from reference conditions (NS: None to Slight, SM: Slight to Moderate, MO: Moderate, ME: Moderate to Extreme, ET: Extreme to Total). Based on Interpreting Indicators of Rangeland Health Technical Reference 1734-6 (https://www.landscapetoolbox.org/manuals/iirhv5/).</attrdef>
            </attr>
            <attr>
                <attrlabl>RH_FuncSructGroup</attrlabl>
                <attrdef>Degree of change of the functional/structural plant communities as a departure from reference conditions (NS: None to Slight, SM: Slight to Moderate, MO: Moderate, ME: Moderate to Extreme, ET: Extreme to Total). Based on Interpreting Indicators of Rangeland Health Technical Reference 1734-6 (https://www.landscapetoolbox.org/manuals/iirhv5/).</attrdef>
            </attr>
            <attr>
                <attrlabl>RH_DeadDyingPlantParts</attrlabl>
                <attrdef>Degree of departure from reference state of proportion of dead or dying plants or plant parts (NS: None to Slight, SM: Slight to Moderate, MO: Moderate, ME: Moderate to Extreme, ET: Extreme to Total). Based on Interpreting Indicators of Rangeland Health Technical Reference 1734-6 (https://www.landscapetoolbox.org/manuals/iirhv5/).</attrdef>
            </attr>
            <attr>
                <attrlabl>RH_LitterAmount</attrlabl>
                <attrdef>Amount of herbaceous and woody litter present as a departure from reference conditions (NS: None to Slight, SM: Slight to Moderate, MO: Moderate, ME: Moderate to Extreme, ET: Extreme to Total). Based on Interpreting Indicators of Rangeland Health Technical Reference 1734-6 (https://www.landscapetoolbox.org/manuals/iirhv5/).</attrdef>
            </attr>
            <attr>
                <attrlabl>RH_AnnualProd</attrlabl>
                <attrdef>Amount of total annual production as a departure from reference conditions, with “Extreme to Total” being less than 20% (NS: None to Slight, SM: Slight to Moderate, MO: Moderate, ME: Moderate to Extreme, ET: Extreme to Total). Based on Interpreting Indicators of Rangeland Health Technical Reference 1734-6 (https://www.landscapetoolbox.org/manuals/iirhv5/).</attrdef>
            </attr>
            <attr>
                <attrlabl>RH_ReprodCapabilityPeren</attrlabl>
                <attrdef>Degree to which the vigor or reproductive capability of noninvasive perennial plants has diminished relative to reference conditions (NS: None to Slight, SM: Slight to Moderate, MO: Moderate, ME: Moderate to Extreme, ET: Extreme to Total). Based on Interpreting Indicators of Rangeland Health Technical Reference 1734-6 (https://www.landscapetoolbox.org/manuals/iirhv5/).</attrdef>
            </attr>
            <attr>
                <attrlabl>RH_InvasivePlants</attrlabl>
                <attrdef>Assessment of presence of invasive plants (NS: None to Slight, SM: Slight to Moderate, MO: Moderate, ME: Moderate to Extreme, ET: Extreme to Total). Based on Interpreting Indicators of Rangeland Health Technical Reference 1734-6 (https://www.landscapetoolbox.org/manuals/iirhv5/).</attrdef>
            </attr>
            <attr>
                <attrlabl>RH_CommentsSS</attrlabl>
                <attrdef>Comments regarding the Soil &amp; Site Stability attribute of rangeland health. Soil &amp; Site Stability is defined as the capacity of an area to limit redistribution and loss of soil resources (including nutrients and organic matter) by wind and water.</attrdef>
            </attr>
            <attr>
                <attrlabl>RH_CommentsHF</attrlabl>
                <attrdef>Comments regarding the Hydrologic Function attribute of rangeland health. Hydrologic function is defined as the capacity of an area to capture, store, and safely release water from rainfall, run-on, and snowmelt (where relevant), to resist a reduction in this capacity, and to recover this capacity where a reduction does occur.</attrdef>
            </attr>
            <attr>
                <attrlabl>AH_NonNoxCover</attrlabl>
                <attrdef>The cover of Non-Noxious plants in the plot. This indicator is derived from the Line Point Intercept method (typically 150 points on three transects per plot).</attrdef>
            </attr>
            <attr>
                <attrlabl>RH_CommentsBI</attrlabl>
                <attrdef>Comments regarding the Biotic Integrity attribute of rangeland health. Biotic integrity is defined as the capacity of the biotic community to support ecological processes within the normal range of variability expected for the site, to resist a loss in the capacity to support these processes, and to recover this capacity when losses do occur. The biotic community includes plants, animals, and microorganisms occurring both above and below ground.</attrdef>
            </attr>
            <attr>
                <attrlabl>EcolSiteName</attrlabl>
                <attrdef>Name referring to the ecological site, defined by NRCS as "a distinctive kind of land with specific characteristics that differs from other kinds of land in its ability to produce a distinctive kind and amount of vegetation." ID's are from the Ecological Site Information System (https://esis.sc.egov.usda.gov/About.aspx) or the Ecological Dynamics Interpretive Tool (EDIT) (https://edit.jornada.nmsu.edu/page?content=about).</attrdef>
            </attr>
            <attr>
                <attrlabl>County</attrlabl>
                <attrdef>Refers to the county the plot is in.</attrdef>
            </attr>
            <attr>
                <attrlabl>State</attrlabl>
                <attrdef>Refers to the physical state the plot is in.</attrdef>
            </attr>
            <attr>
                <attrlabl>AH_SagebrushCover_Live</attrlabl>
                <attrdef>The cover of live sagebrush in the plot. This indicator is derived from the Line Point Intercept method (typically 150 points on three transects per plot).</attrdef>
            </attr>
            <attr>
                <attrlabl>Hgt_Sagebrush_Live_Avg</attrlabl>
                <attrdef>Average height in cm of live sagebrush in the plot. This was collected using the Vegetation Height protocol (the Vegetation height core method measures 30 points on 3 transects per plot; supplemental height measurements may be included in the calculation of this indicator). Any instance where a species was measured as a Woody height but the code in the species list is a NonWoody species, these measurements will be dropped. Heights where a species code was recorded but the height =0 are included in the height measurements. </attrdef>
            </attr>
            <attr>
                <attrlabl>SagebrushShape_Live_ColumnCount</attrlabl>
                <attrdef>Count of all live Columnar sagebrush shapes that are hit on a plot that occur on a Live Sagebrush hit.</attrdef>
            </attr>
            <attr>
                <attrlabl>SagebrushShape_Live_SpreadCount</attrlabl>
                <attrdef>Count of all live Spreading shrub shapes that are hit on a plot that occur on a Live Sagebrush hit.</attrdef>
            </attr>
            <attr>
                <attrlabl>SagebrushShape_All_ColumnCount</attrlabl>
                <attrdef>Count of all Columnar sagebrush shapes that are hit on a plot.</attrdef>
            </attr>
            <attr>
                <attrlabl>SagebrushShape_All_SpreadCount</attrlabl>
                <attrdef>Count of all Spreading sagebrush shapes that are hit on a plot.</attrdef>
            </attr>
            <attr>
                <attrlabl>Hgt_Sagebrush_Avg</attrlabl>
                <attrdef>Average height in cm of sagebrush in the plot. This was collected using the Vegetation Height protocol (the Vegetation height core method measures 30 points on 3 transects per plot; supplemental height measurements may be included in the calculation of this indicator). Any instance where a species was measured as a Woody height but the code in the species list is a NonWoody species, these measurements will be dropped. Heights where a species code was recorded but the height =0 are included in the height measurements.</attrdef>
            </attr>
            <attr>
                <attrlabl>SagebrushShape_Live_Predominant</attrlabl>
                <attrdef>Most frequent live value (Columnar or Spreading) of all shrub shapes that occur on a Live Sagebrush hit.</attrdef>
            </attr>
            <attr>
                <attrlabl>SagebrushShape_All_Predominant</attrlabl>
                <attrdef>Most frequent value (Columnar or Spreading) of all sagebrush shapes that are hit on a plot.</attrdef>
            </attr>
            <attr>
                <attrlabl>AH_PerenGrassCover</attrlabl>
                <attrdef>The cover of Perennial Grasses in the plot. This indicator is derived from the Line Point Intercept method (typically 150 points on three transects per plot).</attrdef>
            </attr>
            <attr>
                <attrlabl>AH_PerenForbGrassCover</attrlabl>
                <attrdef>The cover of Perennial Forbs and Grasses in the plot. This indicator is derived from the Line Point Intercept method (typically 150 points on three transects per plot). </attrdef>
            </attr>
            <attr>
                <attrlabl>Hgt_PerenForbGrass_Avg</attrlabl>
                <attrdef>Average height in cm of perennial forbs and grasses in the plot. This was collected using the Vegetation Height protocol (the Vegetation height core method measures 30 points on 3 transects per plot; supplemental height measurements may be included in the calculation of this indicator). Any instance where a species was measured as a NonWoody height but the code in the species list is a Woody species, these measurements will be dropped. Heights where a species code was recorded but the height =0 are included in the height measurements.</attrdef>
            </attr>
            <attr>
                <attrlabl>AH_PerenForbCover</attrlabl>
                <attrdef>The cover of Perennial Forbs in the plot. This indicator is derived from the Line Point Intercept method (typically 150 points on three transects per plot).</attrdef>
            </attr>
            <attr>
                <attrlabl>Hgt_PerenForb_Avg</attrlabl>
                <attrdef>Average height in cm of perennial forbs in the plot. This was collected using the Vegetation Height protocol (the Vegetation height core method measures 30 points on 3 transects per plot; supplemental height measurements may be included in the calculation of this indicator). Any instance where a species was measured as a NonWoody height but the code in the species list is a Woody species, these measurements will be dropped. Heights where a species code was recorded but the height =0 are included in the height measurements.</attrdef>
            </attr>
            <attr>
                <attrlabl>AH_NonSagebrushShrubCover</attrlabl>
                <attrdef>The cover of Shrubs in the plot that are Not Sagebrush Species. This indicator is derived from the Line Point Intercept method (typically 150 points on three transects per plot).</attrdef>
            </attr>
            <attr>
                <attrlabl>AH_ShrubCover</attrlabl>
                <attrdef>The cover of shrubs in the plot. This indicator is derived from the Line Point Intercept method (typically 150 points on three transects per plot).</attrdef>
            </attr>
            <attr>
                <attrlabl>AH_PreferredForbCover</attrlabl>
                <attrdef>The cover of preferred forbs in the plot.  This indicator is derived from the Line Point Intercept method (typically 150 points on three transects per plot).</attrdef>
            </attr>
            <attr>
                <attrlabl>Spp_PreferredForb</attrlabl>
                <attrdef>List of preferred forb species found in the entire plot area during a timed search (Species Inventory).</attrdef>
            </attr>
            <attr>
                <attrlabl>NumSpp_PreferredForb</attrlabl>
                <attrdef>Count of all preferred forb species found in the entire plot area during a timed search (Species Inventory).</attrdef>
            </attr>
            <attr>
                <attrlabl>AH_AnnGrassCover</attrlabl>
                <attrdef>The cover of annual grasses in the plot.  This indicator is derived from the Line Point Intercept method (typically 150 points on three transects per plot).</attrdef>
            </attr>
            <attr>
                <attrlabl>AH_GrassCover</attrlabl>
                <attrdef>The cover of grasses in the plot.  This indicator is derived from the Line Point Intercept method (typically 150 points on three transects per plot).</attrdef>
            </attr>
            <attr>
                <attrlabl>AH_ForbCover</attrlabl>
                <attrdef>The cover of forbs in the plot.  This indicator is derived from the Line Point Intercept method (typically 150 points on three transects per plot).</attrdef>
            </attr>
            <attr>
                <attrlabl>AH_TallPerenGrassCover</attrlabl>
                <attrdef>The cover of tall perennial grasses in the plot.  This indicator is derived from the Line Point Intercept method (typically 150 points on three transects per plot).</attrdef>
            </attr>
            <attr>
                <attrlabl>AH_ShortPerenGrassCover</attrlabl>
                <attrdef>The cover of short perennial grasses in the plot.  This indicator is derived from the Line Point Intercept method (typically 150 points on three transects per plot).</attrdef>
            </attr>
            <attr>
                <attrlabl>Spp_TallPerenGrass</attrlabl>
                <attrdef>List of tall perennial grass species found in the entire plot area during a timed search (Species Inventory).</attrdef>
            </attr>
            <attr>
                <attrlabl>Spp_ShortPerenGrass</attrlabl>
                <attrdef>List of short perennial grass species found in the entire plot area during a timed search (Species Inventory).</attrdef>
            </attr>
            <attr>
                <attrlabl>Hgt_TallPerenGrass_Avg</attrlabl>
                <attrdef>Average height in cm of tall perennial grasses in the plot. This was collected using the Vegetation Height protocol (the Vegetation height core method measures 30 points on 3 transects per plot; supplemental height measurements may be included in the calculation of this indicator). Any instance where a species was measured as a NonWoody height but the code in the species list is a Woody species, these measurements will be dropped. Heights where a species code was recorded but the height =0 are included in the height measurements.</attrdef>
            </attr>
            <attr>
                <attrlabl>Hgt_ShortPerenGrass_Avg</attrlabl>
                <attrdef>Average height in cm of short perennial grasses in the plot. This was collected using the Vegetation Height protocol (the Vegetation height core method measures 30 points on 3 transects per plot; supplemental height measurements may be included in the calculation of this indicator). Any instance where a species was measured as a NonWoody height but the code in the species list is a Woody species, these measurements will be dropped. Heights where a species code was recorded but the height =0 are included in the height measurements.</attrdef>
            </attr>
            <attr>
                <attrlabl>Hgt_Grass_Avg</attrlabl>
                <attrdef>Average height in cm of grasses in the plot. This was collected using the Vegetation Height protocol (the Vegetation height core method measures 30 points on 3 transects per plot; supplemental height measurements may be included in the calculation of this indicator). Any instance where a species was measured as a NonWoody height but the code in the species list is a Woody species, these measurements will be dropped. Heights where a species code was recorded but the height =0 are included in the height measurements.</attrdef>
            </attr>
            <attr>
                <attrlabl>Hgt_Forb_Avg</attrlabl>
                <attrdef>Average height in cm of forbs in the plot. This was collected using the Vegetation Height protocol (the Vegetation height core method measures 30 points on 3 transects per plot; supplemental height measurements may be included in the calculation of this indicator). Any instance where a species was measured as a NonWoody height but the code in the species list is a Woody species, these measurements will be dropped. Heights where a species code was recorded but the height =0 are included in the height measurements.</attrdef>
            </attr>
            <attr>
                <attrlabl>AH_NoxCover</attrlabl>
                <attrdef>The cover of noxious plants in the plot. This indicator is derived from the Line Point Intercept method (typically 150 points on three transects per plot).</attrdef>
            </attr>
            <attr>
                <attrlabl>Spp_Nox</attrlabl>
                <attrdef>List of noxious plant species found in the entire plot area during a timed search (Species Inventory).</attrdef>
            </attr>
            <attr>
                <attrlabl>Spp_Sagebrush</attrlabl>
                <attrdef>List of sagebrush species found in the entire plot area during a timed search (Species Inventory).</attrdef>
            </attr>
            <attr>
                <attrlabl>FH_MossCover</attrlabl>
                <attrdef>The cover of mosses (first hit) in the plot, not including mosses that have cover above them. For example, points with sagebrush over moss are not counted in this indicator. This indicator is derived from the Line Point Intercept method (150 total points on three transects per plot).</attrdef>
            </attr>
            <attr>
                <attrlabl>FH_DuffCover</attrlabl>
                <attrdef>The cover of duff (first hit) in the plot, not including duff that has cover above them. For example, points with sagebrush over duff are not counted in this indicator. This indicator is derived from the Line Point Intercept method (150 total points on three transects per plot).</attrdef>
            </attr>
            <attr>
                <attrlabl>DBKey</attrlabl>
                <attrdef>Code denoting administrative information about the project. STATE-OFFICE-REASON-YEAR-DIMA VERSION-Number.</attrdef>
            </attr>
            <attr>
                <attrlabl>RH_PedestalsTerracettes</attrlabl>
                <attrdef>Degree of erosional pedestal and terracette formation departure from reference conditions (NS: None to Slight, SM: Slight to Moderate, MO: Moderate, ME: Moderate to Extreme, ET: Extreme to Total). Based on Interpreting Indicators of Rangeland Health Technical Reference 1734-6 (https://www.landscapetoolbox.org/manuals/iirhv5/).</attrdef>
            </attr>
            <attr>
                <attrlabl>RH_PlantCommunityComp</attrlabl>
                <attrdef>Degree to which changes in functional/structural groups and their associated species composition and distribution have negatively affected infiltration or runoff as a departure from reference conditions (NS: None to Slight, SM: Slight to Moderate, MO: Moderate, ME: Moderate to Extreme, ET: Extreme to Total). Based on Interpreting Indicators of Rangeland Health Technical Reference 1734-6 (https://www.landscapetoolbox.org/manuals/iirhv5/).</attrdef>
            </attr>
            <attr>
                <attrlabl>GlobalID</attrlabl>
                <attrdef>GlobalID</attrdef>
            </attr>
            <attr>
                <attrlabl>RH_HydrologicFunction</attrlabl>
                <attrdef>Rating of the Hydrologic Function attribute of rangeland health. Hydrologic function is defined as the capacity of an area to capture, store, and safely release water from rainfall, run-on, and snowmelt (where relevant), to resist a reduction in this capacity, and to recover this capacity where a reduction does occur (NS: None to Slight, SM: Slight to Moderate, MO: Moderate, ME: Moderate to Extreme, ET: Extreme to Total). Based on Interpreting Indicators of Rangeland Health Technical Reference 1734-6 (https://www.landscapetoolbox.org/manuals/iirhv5/).</attrdef>
            </attr>
            <attr>
                <attrlabl>RH_SoilSiteStability</attrlabl>
                <attrdef>Rating of the Soil &amp; Site Stability attribute of rangeland health. Soil &amp; Site Stability is defined as the capacity of an area to limit redistribution and loss of soil resources (including nutrients and organic matter) by wind and water (NS: None to Slight, SM: Slight to Moderate, MO: Moderate, ME: Moderate to Extreme, ET: Extreme to Total). Based on Interpreting Indicators of Rangeland Health Technical Reference 1734-6(https://www.landscapetoolbox.org/manuals/iirhv5/).</attrdef>
            </attr>
            <attr>
                <attrlabl>created_user</attrlabl>
                <attrdef>created_user</attrdef>
            </attr>
            <attr>
                <attrlabl>created_date</attrlabl>
                <attrdef>created_date</attrdef>
            </attr>
            <attr>
                <attrlabl>last_edited_user</attrlabl>
                <attrdef>last_edited_user</attrdef>
            </attr>
            <attr>
                <attrlabl>last_edited_date</attrlabl>
                <attrdef>last_edited_date</attrdef>
            </attr>
            <attr>
                <attrlabl>RH_BioticIntegrity</attrlabl>
                <attrdef>Rating of the Biotic Integrity attribute of rangeland health. Biotic integrity is defined as the capacity of the biotic community to support ecological processes within the normal range of variability expected for the site, to resist a loss in the capacity to support these processes, and to recover this capacity when losses do occur. The biotic community includes plants, animals, and microorganisms occurring both above and below ground (NS: None to Slight, SM: Slight to Moderate, MO: Moderate, ME: Moderate to Extreme, ET: Extreme to Total). Based on Interpreting Indicators of Rangeland Health Technical Reference 1734-6 (https://www.landscapetoolbox.org/manuals/iirhv5/).</attrdef>
            </attr>
            <attr>
                <attrlabl>AH_WoodyLitterCover</attrlabl>
                <attrdef>The cover of woody litter in the plot. This indicator is derived from the Line Point Intercept method (150 total points on three transects per plot).</attrdef>
            </attr>
            <attr>
                <attrlabl>AH_HerbLitterCover</attrlabl>
                <attrdef>The cover of Herbaceous litter in the plot. This indicator is derived from the Line Point Intercept method (150 total points on three transects per plot).</attrdef>
            </attr>
            <attr>
                <attrlabl>AH_TotalLitterCover</attrlabl>
                <attrdef>The cover of Total litter in the plot. This indicator is derived from the Line Point Intercept method (150 total points on three transects per plot).</attrdef>
            </attr>
            <attr>
                <attrlabl>Purpose</attrlabl>
                <attrdef>What program the plot is associated with, Planning, Wildlife, Range, etc. </attrdef>
            </attr>
            <attr>
                <attrlabl>PurposeFlag</attrlabl>
                <attrdef>Task within a program the plot is associated with, Land Use Plan Effectiveness, GRSG Habitat Assessment Framework, etc.</attrdef>
            </attr>
            <attr>
                <attrlabl>Design</attrlabl>
                <attrdef>Design type, Random or Targeted.</attrdef>
            </attr>
            <attr>
                <attrlabl>DesignFlag</attrlabl>
                <attrdef>Additional information regarding Design.  If Targeted, what plot was monitoring or why it’s considered Targeted.</attrdef>
            </attr>
            <attr>
                <attrlabl>Hgt_Shrub_Avg</attrlabl>
                <attrdef>Average height in cm of shrubs in the plot. This was collected using the Vegetation Height protocol (the Vegetation height core method measures 30 points on 3 transects per plot; supplemental height measurements may be included in the calculation of this indicator). Any instance where a species was measured as a Woody height but the code in the species list is a NonWoody species, these measurements will be dropped. Heights where a species code was recorded but the height =0 are included in the height measurements.</attrdef>
            </attr>
            <attr>
                <attrlabl>SpeciesState</attrlabl>
                <attrdef>The two letter state code that the plot was considered a part of administratively.  This corresponds to the state species list that was used to calculate indicators.</attrdef>
            </attr>
        </detailed>
        <overview>
            <eaover>Attribute Summary</eaover>
        </overview>
    </eainfo>
    <distinfo>
        <distrib>
            <cntinfo>
                <cntorgp>
                    <cntorg>BLM</cntorg>
                    <cntper>AIM Terrestrial Program Manager</cntper>
                </cntorgp>
                <cntpos>AIM Terrestrial Project Manager</cntpos>
                <cntaddr>
                    <addrtype>mailing and physical</addrtype>
                    <address>BLM National Operations Center; Denver Federal Center,Building 50</address>
                    <city>Lakewood</city>
                    <state>CO</state>
                    <postal>80225</postal>
                    <country>US</country>
                </cntaddr>
                <cntvoice>303-236-8857</cntvoice>
                <cntemail>BLM_OC_AIM_Data@blm.gov</cntemail>
                <hours>Normal business hours</hours>
                <cntinst>Email is best method of contact.</cntinst>
            </cntinfo>
        </distrib>
        <distliab>The BLM assumes no responsibility for errors or omissions.  No warranty is made by the BLM as to the accuracy, reliability, or completeness of these data for individual use or aggregate use with other data; nor shall the act of distribution to contractors, partners, or beyond, constitute any such warranty for individual or aggregate data use with other data.  Although these data have been processed successfully on computers of BLM, no warranty, expressed or implied, is made by BLM regarding the use of these data on any other system, or for general or scientific purposes, nor does the fact of distribution constitute or imply any such warranty.  In no event shall the BLM have any liability whatsoever for payment of any consequential, incidental, indirect, special, or tort damages of any kind, including, but not limited to, any loss of profits arising out of the use or reliance on the geographic data or arising out of the delivery, installation, operation, or support by BLM.</distliab>
    </distinfo>
    <metainfo>
        <metd>20220301</metd>
        <metrd>20220228</metrd>
        <metc>
            <cntinfo>
                <cntorgp>
                    <cntorg>BLM</cntorg>
                    <cntper>AIM Terrestrial Program Manager</cntper>
                </cntorgp>
                <cntpos>AIM Terrestrial Project Manager</cntpos>
                <cntaddr>
                    <addrtype>mailing and physical</addrtype>
                    <address>BLM National Operations Center; Denver Federal Center,Building 50</address>
                    <city>Lakewood</city>
                    <state>CO</state>
                    <postal>80225</postal>
                    <country>US</country>
                </cntaddr>
                <cntvoice>303-236-8857</cntvoice>
                <cntemail>BLM_OC_AIM_Data@blm.gov</cntemail>
                <hours>Normal business hours</hours>
                <cntinst>Email is best method of contact.</cntinst>
            </cntinfo>
        </metc>
        <metstdn>FGDC Content Standard for Digital Geospatial Metadata</metstdn>
        <metstdv>FGDC-STD-001-1998</metstdv>
        <mettc>local time</mettc>
        <metac>Generally releasable. However, the data must be reviewed prior to release to assure that no protected data is contained within the dataset.</metac>
        <metuc>These data are provided by Bureau of Land Management (BLM) 'as is' and might contain errors or omissions. The User assumes the entire risk associated with its use of these data and bears all responsibility in determining whether these data are fit for the User's intended use. The information contained in these data is dynamic and may change over time. The data are not better than the sources from which they were derived, and both scale and accuracy may vary across the data set. These data might not have the accuracy, resolution, completeness, timeliness, or other characteristics appropriate for applications that potential users of the data may contemplate. The User is encouraged to carefully consider the content of the metadata file associated with these data. These data are neither legal documents nor land surveys, and must not be used as such. Official records may be referenced at most BLM offices. Please report any errors in the data to the BLM office from which it was obtained. The BLM should be cited as the data source in any products derived from these data. Any Users wishing to modify the data should describe the types of modifications they have performed. The User should not misrepresent the data, nor imply that changes made were approved or endorsed by BLM. This data may be updated by the BLM without notification.</metuc>
    </metainfo>
</metadata>
