plot,variable,start_m,stop_m,distance_m,year
s08b,fine_fuels,0.14,0.24,0.1,2016
s08b,fine_fuels,0.36,0.47,0.11,2016
s08b,fine_fuels,0.54,0.62,0.08,2016
s08b,fine_fuels,1.43,1.55,0.12,2016
s08b,fine_fuels,3.9,4.03,0.13,2016
s08b,fine_fuels,4.35,4.52,0.17,2016
s08b,fine_fuels,5.89,6.04,0.15,2016
s08b,fine_fuels,6.4,6.66,0.26,2016
s08b,fine_fuels,6.87,7.27,0.4,2016
s08b,fine_fuels,7.46,7.66,0.2,2016
s08b,fine_fuels,9.23,9.32,0.09,2016
s08b,fine_fuels,11.84,11.98,0.14,2016
s08b,fine_fuels,12.49,12.74,0.25,2016
s08b,fine_fuels,14.89,15,0.11,2016
s08b,fine_fuels,16.89,16.99,0.1,2016
s08b,fine_fuels,17.53,17.72,0.19,2016
s08b,fine_fuels,19.37,19.49,0.12,2016
s08b,fine_fuels,24.22,24.38,0.16,2016
s08b,fine_fuels,26.09,26.21,0.12,2016
s08b,fine_fuels,27.06,27.16,0.1,2016
s08b,fine_fuels,28.34,28.44,0.1,2016
s08b,fine_fuels,30.65,30.8,0.15,2016
s08b,fine_fuels,31.19,31.42,0.23,2016
s08b,fine_fuels,35.42,35.64,0.22,2016
s08b,fine_fuels,36.3,36.46,0.16,2016
s08b,fine_fuels,41.69,41.76,0.07,2016
s08b,fine_fuels,43.4,43.96,0.56,2016
s08b,fine_fuels,46.9,47,0.1,2016
s08b,shrubs,29.32,29.65,0.33,2016
s08b,shrubs,33.1,33.26,0.16,2016
s08b,shrubs,39.19,39.29,0.1,2016
s08u,fine_fuels,0,0.14,0.14,2016
s08u,fine_fuels,0.54,0.73,0.19,2016
s08u,fine_fuels,0.97,3.02,2.05,2016
s08u,fine_fuels,3.09,3.22,0.13,2016
s08u,fine_fuels,3.64,7.21,3.57,2016
s08u,fine_fuels,7.54,7.71,0.17,2016
s08u,fine_fuels,8.24,9.55,1.31,2016
s08u,fine_fuels,9.75,9.99,0.24,2016
s08u,fine_fuels,10.72,10.87,0.15,2016
s08u,fine_fuels,12.44,13.15,0.71,2016
s08u,fine_fuels,13.3,13.97,0.67,2016
s08u,fine_fuels,14.19,15.51,1.32,2016
s08u,fine_fuels,15.59,16.85,1.26,2016
s08u,fine_fuels,16.92,17.56,0.64,2016
s08u,fine_fuels,18.61,19.3,0.69,2016
s08u,fine_fuels,19.38,19.84,0.46,2016
s08u,fine_fuels,20.16,23.94,3.78,2016
s08u,fine_fuels,23.99,26.51,2.52,2016
s08u,fine_fuels,26.6,27.01,0.41,2016
s08u,fine_fuels,27.07,28.27,1.2,2016
s08u,fine_fuels,28.3,30.2,1.9,2016
s08u,fine_fuels,30.26,30.46,0.2,2016
s08u,fine_fuels,30.55,34.18,3.63,2016
s08u,fine_fuels,34.38,36.51,2.13,2016
s08u,fine_fuels,36.56,37.11,0.55,2016
s08u,fine_fuels,37.21,38.68,1.47,2016
s08u,fine_fuels,38.85,40.71,1.86,2016
s08u,fine_fuels,40.76,40.86,0.1,2016
s08u,fine_fuels,41.26,42.14,0.88,2016
s08u,fine_fuels,42.21,42.41,0.2,2016
s08u,fine_fuels,42.5,44,1.5,2016
s08u,fine_fuels,44.19,44.38,0.19,2016
s08u,fine_fuels,45.11,45.43,0.32,2016
s08u,fine_fuels,47.3,47.64,0.34,2016
s08u,fine_fuels,48.2,48.25,0.05,2016
s08u,fine_fuels,48.95,49.15,0.2,2016
s08u,shrubs,1.8,2.15,0.35,2016
s08u,shrubs,2.39,2.5,0.11,2016
s08u,shrubs,2.54,2.87,0.33,2016
s08u,shrubs,5.34,5.75,0.41,2016
s08u,shrubs,6.22,7.06,0.84,2016
s08u,shrubs,7.25,7.47,0.22,2016
s08u,shrubs,8.45,8.77,0.32,2016
s08u,shrubs,10.22,10.63,0.41,2016
s08u,shrubs,14.79,15.03,0.24,2016
s08u,shrubs,16.12,16.66,0.54,2016
s08u,shrubs,17.12,17.47,0.35,2016
s08u,shrubs,18.83,18.98,0.15,2016
s08u,shrubs,20.72,21.09,0.37,2016
s08u,shrubs,21.75,21.96,0.21,2016
s08u,shrubs,25.75,25.8,0.05,2016
s08u,shrubs,26.93,27.94,1.01,2016
s08u,shrubs,29.57,31.1,1.53,2016
s08u,shrubs,31.42,32.54,1.12,2016
s08u,shrubs,33.08,33.92,0.84,2016
s08u,shrubs,33.29,38.06,4.77,2016
s08u,shrubs,43.75,43.85,0.1,2016
s08u,shrubs,47.23,47.56,0.33,2016
s08u,shrubs,48.26,48.31,0.05,2016
s08u,shrubs,48.91,49.32,0.41,2016
s12b,fine_fuels,0.36,0.47,0.11,2016
s12b,fine_fuels,7.9,9.5,1.6,2016
s12b,fine_fuels,4.66,4.79,0.13,2016
s12b,fine_fuels,5.75,5.85,0.1,2016
s12b,fine_fuels,7.04,7.23,0.19,2016
s12b,fine_fuels,7.49,7.61,0.12,2016
s12b,fine_fuels,7.7,7.8,0.1,2016
s12b,fine_fuels,8.41,8.51,0.1,2016
s12b,fine_fuels,9.09,9.22,0.13,2016
s12b,fine_fuels,9.95,10.32,0.37,2016
s12b,fine_fuels,11.82,11.93,0.11,2016
s12b,fine_fuels,12.95,13.22,0.27,2016
s12b,fine_fuels,13.96,14.1,0.14,2016
s12b,fine_fuels,15.55,15.7,0.15,2016
s12b,fine_fuels,15.97,16.31,0.34,2016
s12b,fine_fuels,17.8,17.92,0.12,2016
s12b,fine_fuels,18.59,18.71,0.12,2016
s12b,fine_fuels,19.02,19.15,0.13,2016
s12b,fine_fuels,20.12,20.23,0.11,2016
s12b,fine_fuels,21.89,22.05,0.16,2016
s12b,fine_fuels,22.2,22.4,0.2,2016
s12b,fine_fuels,23.65,23.82,0.17,2016
s12b,fine_fuels,25.23,25.35,0.12,2016
s12b,fine_fuels,27.53,27.61,0.08,2016
s12b,fine_fuels,27.95,28.12,0.17,2016
s12b,fine_fuels,28.24,28.43,0.19,2016
s12b,fine_fuels,33.22,33.32,0.1,2016
s12b,fine_fuels,33.49,33.61,0.12,2016
s12b,fine_fuels,34.21,34.36,0.15,2016
s12b,fine_fuels,35.39,35.5,0.11,2016
s12b,fine_fuels,36.99,37.2,0.21,2016
s12b,fine_fuels,37.3,37.69,0.39,2016
s12b,fine_fuels,39.03,39.55,0.52,2016
s12b,fine_fuels,40.95,41.16,0.21,2016
s12b,fine_fuels,42.04,42.29,0.25,2016
s12b,fine_fuels,42.45,42.6,0.15,2016
s12b,fine_fuels,43.24,43.4,0.16,2016
s12b,fine_fuels,43.92,44.05,0.13,2016
s12b,fine_fuels,45.76,46.01,0.25,2016
s12b,fine_fuels,46.12,46.39,0.27,2016
s12b,fine_fuels,48.39,48.65,0.26,2016
s12b,fine_fuels,49.01,49.15,0.14,2016
s12b,shrubs,3.75,4.09,0.34,2016
s12b,shrubs,36.79,37.17,0.38,2016
s12b,shrubs,43.79,43.91,0.12,2016
s12b,shrubs,47.09,47.21,0.12,2016
s12u,fine_fuels,0,1.19,1.19,2016
s12u,fine_fuels,1.49,3.09,1.6,2016
s12u,fine_fuels,3.16,3.9,0.74,2016
s12u,fine_fuels,4.4,5.58,1.18,2016
s12u,fine_fuels,5.69,5.99,0.3,2016
s12u,fine_fuels,6.91,7.47,0.56,2016
s12u,fine_fuels,8.69,8.82,0.13,2016
s12u,fine_fuels,9.01,9.61,0.6,2016
s12u,fine_fuels,10.21,11.25,1.04,2016
s12u,fine_fuels,11.9,12.11,0.21,2016
s12u,fine_fuels,12.24,13.82,1.58,2016
s12u,fine_fuels,14,23.91,9.91,2016
s12u,fine_fuels,24.01,31.59,7.58,2016
s12u,fine_fuels,31.74,37.17,5.43,2016
s12u,fine_fuels,37.39,38.42,1.03,2016
s12u,fine_fuels,38.6,48.09,9.49,2016
s12u,fine_fuels,48.25,50,1.75,2016
s14b,fine_fuels,0,0.61,0.61,2016
s14b,fine_fuels,0.81,0.99,0.18,2016
s14b,fine_fuels,2.1,2.23,0.13,2016
s14b,fine_fuels,5.09,5.21,0.12,2016
s14b,fine_fuels,5.38,5.55,0.17,2016
s14b,fine_fuels,5.73,5.84,0.11,2016
s14b,fine_fuels,7.06,7.19,0.13,2016
s14b,fine_fuels,10.49,10.63,0.14,2016
s14b,fine_fuels,10.74,10.86,0.12,2016
s14b,fine_fuels,14.59,14.75,0.16,2016
s14b,fine_fuels,16.61,16.71,0.1,2016
s14b,fine_fuels,19.41,19.56,0.15,2016
s14b,fine_fuels,19.83,20.35,0.52,2016
s14b,fine_fuels,21.45,21.6,0.15,2016
s14b,fine_fuels,22,22.14,0.14,2016
s14b,fine_fuels,22.3,22.69,0.39,2016
s14b,fine_fuels,23.66,23.82,0.16,2016
s14b,fine_fuels,25.37,25.94,0.57,2016
s14b,fine_fuels,26.72,27.06,0.34,2016
s14b,fine_fuels,27.89,28.6,0.71,2016
s14b,fine_fuels,30.21,30.8,0.59,2016
s14b,fine_fuels,31.81,32.32,0.51,2016
s14b,fine_fuels,32.39,32.61,0.22,2016
s14b,fine_fuels,33.04,33.78,0.74,2016
s14b,fine_fuels,33.85,34.35,0.5,2016
s14b,fine_fuels,35.05,37.21,2.16,2016
s14b,fine_fuels,37.5,38.05,0.55,2016
s14b,fine_fuels,38.31,39.65,1.34,2016
s14b,fine_fuels,40.51,40.62,0.11,2016
s14b,fine_fuels,41.83,41.95,0.12,2016
s14b,fine_fuels,42.56,42.96,0.4,2016
s14b,fine_fuels,43.55,43.86,0.31,2016
s14b,fine_fuels,44.54,44.79,0.25,2016
s14b,fine_fuels,45.05,45.14,0.09,2016
s14b,fine_fuels,45.24,45.58,0.34,2016
s14b,fine_fuels,45.65,46.4,0.75,2016
s14b,fine_fuels,46.75,46.9,0.15,2016
s14b,fine_fuels,47.41,47.53,0.12,2016
s14b,fine_fuels,48.1,49.1,1,2016
s14b,fine_fuels,49.79,49.9,0.11,2016
s14b,shrubs,2.64,3.55,0.91,2016
s14b,shrubs,9.44,9.89,0.45,2016
s14b,shrubs,10.9,11.05,0.15,2016
s14b,shrubs,14.61,14.8,0.19,2016
s14b,shrubs,15.79,16.05,0.26,2016
s14b,shrubs,19,19.29,0.29,2016
s14u,fine_fuels,0.19,0.56,0.37,2016
s14u,fine_fuels,0.66,1.02,0.36,2016
s14u,fine_fuels,31.34,31.63,0.29,2016
s14u,fine_fuels,48.48,48.88,0.4,2016
s14u,fine_fuels,49.53,49.93,0.4,2016
s14u,shrubs,0,2.64,2.64,2016
s14u,shrubs,2.76,23.4,20.64,2016
s14u,shrubs,23.64,23.72,0.08,2016
s14u,shrubs,24.01,24.06,0.05,2016
s14u,shrubs,24.16,25.46,1.3,2016
s14u,shrubs,25.58,28.45,2.87,2016
s14u,shrubs,28.51,31.12,2.61,2016
s14u,shrubs,31.17,41.41,10.24,2016
s14u,shrubs,41.6,43.59,1.99,2016
s14u,shrubs,43.69,43.92,0.23,2016
s14u,shrubs,44.43,44.65,0.22,2016
s14u,shrubs,44.9,46.94,2.04,2016
s14u,shrubs,47,47.55,0.55,2016
s14u,shrubs,47.67,47.93,0.26,2016
s14u,shrubs,48.02,50,1.98,2016
s11b,fine_fuels,0.64,0.75,0.11,2016
s11b,fine_fuels,1.2,1.41,0.21,2016
s11b,fine_fuels,3.09,3.18,0.09,2016
s11b,fine_fuels,3.99,4.29,0.3,2016
s11b,fine_fuels,4.37,4.89,0.52,2016
s11b,fine_fuels,5.42,5.93,0.51,2016
s11b,fine_fuels,7.54,7.74,0.2,2016
s11b,fine_fuels,8.96,9.19,0.23,2016
s11b,fine_fuels,9.5,9.64,0.14,2016
s11b,fine_fuels,11.16,11.44,0.28,2016
s11b,fine_fuels,12.09,12.22,0.13,2016
s11b,fine_fuels,12.89,13.13,0.24,2016
s11b,fine_fuels,13.72,15.04,1.32,2016
s11b,fine_fuels,16.5,17.21,0.71,2016
s11b,fine_fuels,17.8,18.2,0.4,2016
s11b,fine_fuels,19.46,19.92,0.46,2016
s11b,fine_fuels,20.19,20.56,0.37,2016
s11b,fine_fuels,21.47,21.66,0.19,2016
s11b,fine_fuels,21.79,21.95,0.16,2016
s11b,fine_fuels,23.23,23.4,0.17,2016
s11b,fine_fuels,23.59,23.75,0.16,2016
s11b,fine_fuels,25.16,25.49,0.33,2016
s11b,fine_fuels,27.89,28.05,0.16,2016
s11b,fine_fuels,28.66,29.59,0.93,2016
s11b,fine_fuels,29.79,30.21,0.42,2016
s11b,fine_fuels,31.1,31.22,0.12,2016
s11b,fine_fuels,31.46,31.62,0.16,2016
s11b,fine_fuels,32.39,32.59,0.2,2016
s11b,fine_fuels,32.6,32.89,0.29,2016
s11b,fine_fuels,33.24,33.64,0.4,2016
s11b,fine_fuels,33.73,34.91,1.18,2016
s11b,fine_fuels,35.4,35.95,0.55,2016
s11b,fine_fuels,36.1,36.42,0.32,2016
s11b,fine_fuels,37.09,37.42,0.33,2016
s11b,fine_fuels,38.65,38.8,0.15,2016
s11b,fine_fuels,39.21,39.42,0.21,2016
s11b,fine_fuels,40.11,40.55,0.44,2016
s11b,fine_fuels,41.54,41.67,0.13,2016
s11b,fine_fuels,42.19,42.47,0.28,2016
s11b,fine_fuels,43.66,43.8,0.14,2016
s11b,fine_fuels,44.61,45.01,0.4,2016
s11b,fine_fuels,45.22,46.03,0.81,2016
s11b,fine_fuels,46.29,47.05,0.76,2016
s11b,fine_fuels,47.6,47.85,0.25,2016
s11b,fine_fuels,48.21,48.56,0.35,2016
s11b,fine_fuels,49.37,49.59,0.22,2016
s11b,fine_fuels,49.8,50,0.2,2016
s11b,shrubs,0.81,0.87,0.06,2016
s11b,shrubs,2.55,2.67,0.12,2016
s11u,fine_fuels,2.78,2.9,0.12,2016
s11u,fine_fuels,5.21,7.26,2.05,2016
s11u,fine_fuels,8.14,10.32,2.18,2016
s11u,fine_fuels,10.73,11.53,0.8,2016
s11u,fine_fuels,11.74,12.77,1.03,2016
s11u,fine_fuels,13.36,14.07,0.71,2016
s11u,fine_fuels,14.17,14.65,0.48,2016
s11u,fine_fuels,14.71,14.76,0.05,2016
s11u,fine_fuels,14.87,16.45,1.58,2016
s11u,fine_fuels,16.9,18.14,1.24,2016
s11u,fine_fuels,18.79,24.67,5.88,2016
s11u,fine_fuels,24.89,29.23,4.34,2016
s11u,fine_fuels,29.4,31.62,2.22,2016
s11u,fine_fuels,31.85,33.12,1.27,2016
s11u,fine_fuels,34.02,36.79,2.77,2016
s11u,fine_fuels,37.15,41.33,4.18,2016
s11u,fine_fuels,41.92,47.13,5.21,2016
s11u,fine_fuels,48.2,50,1.8,2016
s11u,shrubs,0.19,0.89,0.7,2016
s11u,shrubs,3.12,3.87,0.75,2016
s11u,shrubs,6.56,7.06,0.5,2016
s11u,shrubs,8.24,9.1,0.86,2016
s11u,shrubs,12,12.22,0.22,2016
s11u,shrubs,15.29,16.25,0.96,2016
s11u,shrubs,19.58,19.85,0.27,2016
s11u,shrubs,20.56,20.7,0.14,2016
s11u,shrubs,20.8,21.42,0.62,2016
s11u,shrubs,22.68,24,1.32,2016
s11u,shrubs,26.25,29.18,2.93,2016
s11u,shrubs,29.6,30.55,0.95,2016
s11u,shrubs,30.77,31.49,0.72,2016
s11u,shrubs,32.49,32.85,0.36,2016
s11u,shrubs,34.7,36.55,1.85,2016
s11u,shrubs,37.72,38.12,0.4,2016
s11u,shrubs,38.17,38.57,0.4,2016
s11u,shrubs,39,40.32,1.32,2016
s11u,shrubs,42.33,42.4,0.07,2016
s11u,shrubs,47.47,49.7,2.23,2016
s09b,fine_fuels,0.61,1.23,0.62,2016
s09b,fine_fuels,1.96,2.53,0.57,2016
s09b,fine_fuels,2.94,3.29,0.35,2016
s09b,fine_fuels,3.77,4.12,0.35,2016
s09b,fine_fuels,5.25,5.33,0.08,2016
s09b,fine_fuels,6.03,6.23,0.2,2016
s09b,fine_fuels,6.74,6.86,0.12,2016
s09b,fine_fuels,8.21,8.36,0.15,2016
s09b,fine_fuels,8.74,8.85,0.11,2016
s09b,fine_fuels,10.73,10.81,0.08,2016
s09b,fine_fuels,12.33,12.45,0.12,2016
s09b,fine_fuels,12.81,12.93,0.12,2016
s09b,fine_fuels,13.76,13.9,0.14,2016
s09b,fine_fuels,15.17,15.27,0.1,2016
s09b,fine_fuels,16.79,16.87,0.08,2016
s09b,fine_fuels,17.1,17.23,0.13,2016
s09b,fine_fuels,19.11,19.38,0.27,2016
s09b,fine_fuels,20.66,20.8,0.14,2016
s09b,fine_fuels,22.53,22.64,0.11,2016
s09b,fine_fuels,24.23,24.37,0.14,2016
s09b,fine_fuels,26.9,27.2,0.3,2016
s09b,fine_fuels,29,29.09,0.09,2016
s09b,fine_fuels,32.97,33.09,0.12,2016
s09b,fine_fuels,34.2,34.55,0.35,2016
s09b,fine_fuels,36.45,36.57,0.12,2016
s09b,fine_fuels,37.27,37.37,0.1,2016
s09b,fine_fuels,37.8,38,0.2,2016
s09b,fine_fuels,38.65,38.92,0.27,2016
s09b,fine_fuels,39.02,39.15,0.13,2016
s09b,fine_fuels,40.11,40.33,0.22,2016
s09b,fine_fuels,43.05,43.16,0.11,2016
s09b,fine_fuels,44.22,44.31,0.09,2016
s09b,fine_fuels,44.62,44.75,0.13,2016
s09b,fine_fuels,44.93,45.31,0.38,2016
s09b,fine_fuels,46.83,47.02,0.19,2016
s09b,fine_fuels,49.4,49.5,0.1,2016
s09b,fine_fuels,49.75,49.84,0.09,2016
s09b,shrubs,1.59,2.16,0.57,2016
s09u,fine_fuels,3.37,3.96,0.59,2016
s09u,fine_fuels,4.2,4.9,0.7,2016
s09u,fine_fuels,5.74,6.51,0.77,2016
s09u,fine_fuels,7.26,7.4,0.14,2016
s09u,fine_fuels,7.55,7.96,0.41,2016
s09u,fine_fuels,8.96,9.25,0.29,2016
s09u,fine_fuels,9.29,9.37,0.08,2016
s09u,fine_fuels,10.43,12.09,1.66,2016
s09u,fine_fuels,15.58,15.72,0.14,2016
s09u,fine_fuels,16.52,16.73,0.21,2016
s09u,fine_fuels,17.49,17.64,0.15,2016
s09u,fine_fuels,18.32,21.61,3.29,2016
s09u,fine_fuels,22.28,22.46,0.18,2016
s09u,fine_fuels,22.89,23.28,0.39,2016
s09u,fine_fuels,23.36,23.65,0.29,2016
s09u,fine_fuels,24.48,26.18,1.7,2016
s09u,fine_fuels,28.1,28.9,0.8,2016
s09u,fine_fuels,29.58,30.86,1.28,2016
s09u,fine_fuels,31.07,34.22,3.15,2016
s09u,fine_fuels,35.17,35.32,0.15,2016
s09u,fine_fuels,35.44,36.43,0.99,2016
s09u,fine_fuels,37.22,38.29,1.07,2016
s09u,fine_fuels,39.25,41.34,2.09,2016
s09u,fine_fuels,41.47,43.65,2.18,2016
s09u,fine_fuels,43.72,44.85,1.13,2016
s09u,fine_fuels,44.93,47.83,2.9,2016
s09u,fine_fuels,48.1,50,1.9,2016
s09u,shrubs,0.69,0.85,0.16,2016
s09u,shrubs,1.24,1.62,0.38,2016
s09u,shrubs,4.09,4.51,0.42,2016
s09u,shrubs,4.74,4.95,0.21,2016
s09u,shrubs,5.75,6.51,0.76,2016
s09u,shrubs,7.36,7.94,0.58,2016
s09u,shrubs,10.6,11.99,1.39,2016
s09u,shrubs,19.67,20.3,0.63,2016
s09u,shrubs,21.03,21.48,0.45,2016
s09u,shrubs,22.89,23.34,0.45,2016
s09u,shrubs,23.9,24.45,0.55,2016
s09u,shrubs,28.2,29.04,0.84,2016
s09u,shrubs,29.75,30,0.25,2016
s09u,shrubs,34.65,34.74,0.09,2016
s09u,shrubs,38.07,38.17,0.1,2016
s09u,shrubs,39.83,40.4,0.57,2016
s09u,shrubs,44.3,44.59,0.29,2016
s09u,shrubs,46.25,47.09,0.84,2016
s09u,shrubs,47.34,47.55,0.21,2016
s09u,shrubs,48.73,49.06,0.33,2016
s04b,fine_fuels,0.1,0.49,0.39,2016
s04b,fine_fuels,1.29,1.42,0.13,2016
s04b,fine_fuels,3.21,3.36,0.15,2016
s04b,fine_fuels,4.49,4.62,0.13,2016
s04b,fine_fuels,5.46,5.73,0.27,2016
s04b,fine_fuels,5.93,6.33,0.4,2016
s04b,fine_fuels,7.56,8.09,0.53,2016
s04b,fine_fuels,8.91,9.23,0.32,2016
s04b,fine_fuels,9.51,9.7,0.19,2016
s04b,fine_fuels,10.34,10.47,0.13,2016
s04b,fine_fuels,11,11.23,0.23,2016
s04b,fine_fuels,11.75,11.88,0.13,2016
s04b,fine_fuels,13.01,13.27,0.26,2016
s04b,fine_fuels,14.2,14.92,0.72,2016
s04b,fine_fuels,15.36,15.58,0.22,2016
s04b,fine_fuels,16.3,16.68,0.38,2016
s04b,fine_fuels,18.79,19.4,0.61,2016
s04b,fine_fuels,20,20.35,0.35,2016
s04b,fine_fuels,21.8,21.95,0.15,2016
s04b,fine_fuels,22.71,24.01,1.3,2016
s04b,fine_fuels,24.5,24.85,0.35,2016
s04b,fine_fuels,25,25.43,0.43,2016
s04b,fine_fuels,26.69,27.15,0.46,2016
s04b,fine_fuels,28.5,28.41,-0.09,2016
s04b,fine_fuels,29.66,29.79,0.13,2016
s04b,fine_fuels,30.69,30.9,0.21,2016
s04b,fine_fuels,31.65,31.79,0.14,2016
s04b,fine_fuels,32.49,32.67,0.18,2016
s04b,fine_fuels,33.19,33.5,0.31,2016
s04b,fine_fuels,34.8,35.31,0.51,2016
s04b,fine_fuels,35.45,35.5,0.05,2016
s04b,fine_fuels,35.8,36.18,0.38,2016
s04b,fine_fuels,37.72,37.93,0.21,2016
s04b,fine_fuels,39.6,39.71,0.11,2016
s04b,fine_fuels,40.19,41.47,1.28,2016
s04b,fine_fuels,42.39,42.49,0.1,2016
s04b,fine_fuels,43.89,44,0.11,2016
s04b,fine_fuels,44.35,44.47,0.12,2016
s04b,fine_fuels,45.39,46.03,0.64,2016
s04b,fine_fuels,46.85,47.12,0.27,2016
s04b,fine_fuels,47.61,48.01,0.4,2016
s04b,fine_fuels,48.24,48.51,0.27,2016
s04b,fine_fuels,49.3,49.65,0.35,2016
s04b,fine_fuels,49.84,49.93,0.09,2016
s04b,shrubs,0,0,0,2016
s04u,fine_fuels,0,5.3,5.3,2016
s04u,fine_fuels,5.45,7.55,2.1,2016
s04u,fine_fuels,9.55,10.13,0.58,2016
s04u,fine_fuels,10.93,12.23,1.3,2016
s04u,fine_fuels,12.9,13.51,0.61,2016
s04u,fine_fuels,14.12,15.1,0.98,2016
s04u,fine_fuels,15.4,16.89,1.49,2016
s04u,fine_fuels,17.2,20.68,3.48,2016
s04u,fine_fuels,20.76,21.95,1.19,2016
s04u,fine_fuels,22.04,22.69,0.65,2016
s04u,fine_fuels,23.05,24.76,1.71,2016
s04u,fine_fuels,25.9,31.08,5.18,2016
s04u,fine_fuels,31.98,32.12,0.14,2016
s04u,fine_fuels,32.45,33,0.55,2016
s04u,fine_fuels,33.65,35.29,1.64,2016
s04u,fine_fuels,35.41,42.06,6.65,2016
s04u,fine_fuels,42.65,44.4,1.75,2016
s04u,fine_fuels,44.96,50,5.04,2016
s04u,shrubs,3.12,3.63,0.51,2016
s04u,shrubs,3.76,4.24,0.48,2016
s04u,shrubs,4.87,4.96,0.09,2016
s04u,shrubs,5.7,6,0.3,2016
s04u,shrubs,11.12,11.56,0.44,2016
s04u,shrubs,14.62,14.9,0.28,2016
s04u,shrubs,15.81,15.97,0.16,2016
s04u,shrubs,17.83,18.43,0.6,2016
s04u,shrubs,24.1,24.66,0.56,2016
s04u,shrubs,25,25.6,0.6,2016
s04u,shrubs,25.9,27.4,1.5,2016
s04u,shrubs,28.48,29.13,0.65,2016
s04u,shrubs,33.68,34.65,0.97,2016
s04u,shrubs,35.45,35.81,0.36,2016
s04u,shrubs,36.4,36.99,0.59,2016
s04u,shrubs,39.91,40.84,0.93,2016
s04u,shrubs,43.1,43.62,0.52,2016
s04u,shrubs,43.77,44.4,0.63,2016
s04u,shrubs,46.05,46.85,0.8,2016
s04u,shrubs,47.6,47.79,0.19,2016
s05b,fine_fuels,0.41,0.72,0.31,2016
s05b,fine_fuels,4.7,4.81,0.11,2016
s05b,fine_fuels,5.29,5.5,0.21,2016
s05b,fine_fuels,5.64,5.77,0.13,2016
s05b,fine_fuels,5.95,6.11,0.16,2016
s05b,fine_fuels,7.79,7.87,0.08,2016
s05b,fine_fuels,10.21,10.92,0.71,2016
s05b,fine_fuels,11.52,12.23,0.71,2016
s05b,fine_fuels,13.01,13.19,0.18,2016
s05b,fine_fuels,14.79,14.96,0.17,2016
s05b,fine_fuels,16.19,16.31,0.12,2016
s05b,fine_fuels,17.8,17.88,0.08,2016
s05b,fine_fuels,18.81,18.95,0.14,2016
s05b,fine_fuels,19.51,19.67,0.16,2016
s05b,fine_fuels,19.98,20.7,0.72,2016
s05b,fine_fuels,22.25,22.49,0.24,2016
s05b,fine_fuels,22.53,22.9,0.37,2016
s05b,fine_fuels,24.79,25.17,0.38,2016
s05b,fine_fuels,25.4,25.62,0.22,2016
s05b,fine_fuels,25.83,25.95,0.12,2016
s05b,fine_fuels,26.31,27.19,0.88,2016
s05b,fine_fuels,27.49,28.4,0.91,2016
s05b,fine_fuels,28.58,29.06,0.48,2016
s05b,fine_fuels,29.25,30.31,1.06,2016
s05b,fine_fuels,31.29,31.98,0.69,2016
s05b,fine_fuels,32.7,33.21,0.51,2016
s05b,fine_fuels,35.09,35.23,0.14,2016
s05b,fine_fuels,37.5,37.89,0.39,2016
s05b,fine_fuels,38.4,38.51,0.11,2016
s05b,fine_fuels,40.11,40.36,0.25,2016
s05b,fine_fuels,42.11,42.4,0.29,2016
s05b,fine_fuels,44.07,44.16,0.09,2016
s05b,fine_fuels,44.51,44.63,0.12,2016
s05b,fine_fuels,46.83,47.34,0.51,2016
s05b,fine_fuels,47.6,48.29,0.69,2016
s05b,fine_fuels,48.39,48.89,0.5,2016
s05b,fine_fuels,49.5,49.7,0.2,2016
s05b,shrubs,0,0,0,2016
s05u,fine_fuels,1.62,2.67,1.05,2016
s05u,fine_fuels,2.76,19.61,16.85,2016
s05u,fine_fuels,20.29,20.96,0.67,2016
s05u,fine_fuels,22.4,23.5,1.1,2016
s05u,fine_fuels,25.05,28.76,3.71,2016
s05u,fine_fuels,28.84,29.91,1.07,2016
s05u,fine_fuels,30.09,33.51,3.42,2016
s05u,fine_fuels,34.8,36.29,1.49,2016
s05u,fine_fuels,36.61,38.67,2.06,2016
s05u,fine_fuels,39.04,44.29,5.25,2016
s05u,fine_fuels,44.72,46.48,1.76,2016
s05u,fine_fuels,47.03,47.32,0.29,2016
s05u,fine_fuels,47.37,48.65,1.28,2016
s05u,fine_fuels,49.04,50,0.96,2016
s05u,shrubs,0.8,1.75,0.95,2016
s05u,shrubs,4.98,5.45,0.47,2016
s05u,shrubs,8.22,8.6,0.38,2016
s05u,shrubs,9.21,9.47,0.26,2016
s05u,shrubs,11.98,12.33,0.35,2016
s05u,shrubs,13.34,13.7,0.36,2016
s05u,shrubs,16.16,16.92,0.76,2016
s05u,shrubs,17.3,17.5,0.2,2016
s05u,shrubs,17.83,17.9,0.07,2016
s05u,shrubs,18.56,18.94,0.38,2016
s05u,shrubs,21.65,21.88,0.23,2016
s05u,shrubs,22.91,23.44,0.53,2016
s05u,shrubs,25.21,26.84,1.63,2016
s05u,shrubs,27.05,28.5,1.45,2016
s05u,shrubs,30.19,32.58,2.39,2016
s05u,shrubs,34.49,35.12,0.63,2016
s05u,shrubs,35.46,35.63,0.17,2016
s05u,shrubs,37.52,38.39,0.87,2016
s05u,shrubs,38.98,39.13,0.15,2016
s05u,shrubs,39.26,40.77,1.51,2016
s05u,shrubs,41.9,42.02,0.12,2016
s05u,shrubs,42.11,42.89,0.78,2016
s05u,shrubs,43.6,43.85,0.25,2016
s05u,shrubs,45.48,45.93,0.45,2016
s05u,shrubs,46.4,46.64,0.24,2016
s05u,shrubs,47.14,48,0.86,2016
s05u,shrubs,49.56,50,0.44,2016
S07B,Fine Fuels ,0.23,0.35,0.12,2016
S07B,Fine Fuels ,0.5,0.57,0.07,2016
S07B,Fine Fuels ,1.02,1.09,0.07,2016
S07B,Fine Fuels ,2.23,2.33,0.1,2016
S07B,Fine Fuels ,2.64,3,0.36,2016
S07B,Fine Fuels ,5.53,5.63,0.1,2016
S07B,Fine Fuels ,6.14,6.21,0.07,2016
S07B,Fine Fuels ,10.03,10.12,0.09,2016
S07B,Fine Fuels ,10.3,10.4,0.1,2016
S07B,Fine Fuels ,12.8,12.92,0.12,2016
S07B,Fine Fuels ,14.89,15.03,0.14,2016
S07B,Fine Fuels ,15.84,15.99,0.15,2016
S07B,Fine Fuels ,17.7,17.85,0.15,2016
S07B,Fine Fuels ,18.29,18.51,0.22,2016
S07B,Fine Fuels ,23.21,23.3,0.09,2016
S07B,Fine Fuels ,24.4,24.79,0.39,2016
S07B,Fine Fuels ,25.84,26,0.16,2016
S07B,Fine Fuels ,26.29,26.39,0.1,2016
S07B,Fine Fuels ,27.13,27.22,0.09,2016
S07B,Fine Fuels ,28.83,28.93,0.1,2016
S07B,Fine Fuels ,29.48,29.6,0.12,2016
S07B,Fine Fuels ,31.16,31.42,0.26,2016
S07B,Fine Fuels ,32.69,32.8,0.11,2016
S07B,Fine Fuels ,35.69,35.78,0.09,2016
S07B,Fine Fuels ,39.45,39.56,0.11,2016
S07B,Fine Fuels ,40.1,40.26,0.16,2016
S07B,Fine Fuels ,41.41,41.55,0.14,2016
S07B,Fine Fuels ,42.6,43.09,0.49,2016
S07B,Fine Fuels ,46.65,46.75,0.1,2016
S07B,Fine Fuels ,47.45,47.61,0.16,2016
S07B,Fine Fuels ,47.8,47.91,0.11,2016
S07B,Fine Fuels ,49.34,49.49,0.15,2016
S07U,Fine Fuels,6,6.11,0.11,2016
S07U,Fine Fuels,8.38,8.74,0.36,2016
S07U,Fine Fuels,9.23,9.5,0.27,2016
S07U,Fine Fuels,9.85,9.95,0.1,2016
S07U,Fine Fuels,12.75,13.01,0.26,2016
S07U,Fine Fuels,13.15,13.64,0.49,2016
S07U,Fine Fuels,14.15,15.34,1.19,2016
S07U,Fine Fuels,17.76,17.95,0.19,2016
S07U,Fine Fuels,18.9,19.35,0.45,2016
S07U,Fine Fuels,22.46,23.23,0.77,2016
S07U,Fine Fuels,23.4,23.53,0.13,2016
S07U,Fine Fuels,24.26,24.53,0.27,2016
S07U,Fine Fuels,26.45,26.77,0.32,2016
S07U,Fine Fuels,27.25,27.75,0.5,2016
S07U,Fine Fuels,34.15,34.55,0.4,2016
S07U,Fine Fuels,39.55,39.96,0.41,2016
S07U,Fine Fuels,42.75,43.6,0.85,2016
S07U,Fine Fuels,44.83,45.15,0.32,2016
S07U,Fine Fuels,46.2,46.58,0.38,2016
S07U,Fine Fuels,47.6,47.79,0.19,2016
S07U,Fine Fuels,47.04,50,2.96,2016
S07U,Shrubs,0.55,0.77,0.22,2016
S07U,Shrubs,1,2.05,1.05,2016
S07U,Shrubs,2.9,3.04,0.14,2016
S07U,Shrubs,3.36,3.43,0.07,2016
S07U,Shrubs,3.58,3.8,0.22,2016
S07U,Shrubs,4.29,4.44,0.15,2016
S07U,Shrubs,4.71,4.93,0.22,2016
S07U,Shrubs,5.53,6.4,0.87,2016
S07U,Shrubs,6.54,6.6,0.06,2016
S07U,Shrubs,6.71,7.9,1.19,2016
S07U,Shrubs,8.39,8.77,0.38,2016
S07U,Shrubs,9.09,10.79,1.7,2016
S07U,Shrubs,11,13.88,2.88,2016
S07U,Shrubs,14.05,15.2,1.15,2016
S07U,Shrubs,15.84,19.65,3.81,2016
S07U,Shrubs,20.37,20.49,0.12,2016
S07U,Shrubs,20.74,24.8,4.06,2016
S07U,Shrubs,28.2,35.11,32,2016
S07U,Shrubs,35.25,35.56,0.31,2016
S07U,Shrubs,35.98,36.93,0.95,2016
S07U,Shrubs,38.38,39.1,0.72,2016
S07U,Shrubs,39.55,43.32,3.77,2016
S13B,Fine Fuels ,0.79,1.05,0.26,2016
S13B,Fine Fuels ,1.61,1.86,0.25,2016
S13B,Fine Fuels ,7.67,8.04,0.37,2016
S13B,Fine Fuels ,9.8,10.24,0.44,2016
S13B,Fine Fuels ,11.12,11.25,0.13,2016
S13B,Fine Fuels ,11.95,12.11,0.16,2016
S13B,Fine Fuels ,12.94,13.35,0.41,2016
S13B,Fine Fuels ,14.31,14.44,0.13,2016
S13B,Fine Fuels ,16.15,16.27,0.12,2016
S13B,Fine Fuels ,19.35,19.43,0.08,2016
S13B,Fine Fuels ,20.12,20.25,0.13,2016
S13B,Fine Fuels ,21.2,21.29,0.09,2016
S13B,Fine Fuels ,24.44,24.54,0.1,2016
S13B,Fine Fuels ,26.79,27.15,0.36,2016
S13B,Fine Fuels ,28.44,28.8,0.36,2016
S13B,Fine Fuels ,30.13,30.37,0.24,2016
S13B,Fine Fuels ,31.1,31.4,0.3,2016
S13B,Fine Fuels ,34.06,34.27,0.21,2016
S13B,Fine Fuels ,35.4,35.55,0.15,2016
S13B,Fine Fuels ,37.71,37.83,0.12,2016
S13B,Fine Fuels ,39.69,39.88,0.19,2016
S13B,Fine Fuels ,41.23,41.52,0.29,2016
S13B,Fine Fuels ,42.43,43.4,0.97,2016
S13B,Fine Fuels ,44.07,44.22,0.15,2016
S13B,Fine Fuels ,22.06,44.6,22.54,2016
S13B,Fine Fuels ,45,45.2,0.2,2016
S13B,Fine Fuels ,46.53,46.66,0.13,2016
S13B,Fine Fuels ,47.74,48.49,0.75,2016
S13B,Fine Fuels ,48.79,49.21,0.42,2016
S13B,Fine Fuels ,49.61,49.79,0.18,2016
S13B,Shrubs,1.61,2.02,0.41,2016
S13B,Shrubs,5.34,5.52,0.18,2016
S13B,Shrubs,30.56,31.31,0.75,2016
S13B,Shrubs,39.22,39.64,0.42,2016
S13B,Shrubs,42.2,42.62,0.42,2016
S13B,Shrubs,43.02,43.31,0.29,2016
S13B,Shrubs,43.81,44.17,0.36,2016
S13U,Fine Fuels,0,0.93,0.93,2016
S13U,Fine Fuels,1.78,3.1,1.32,2016
S13U,Fine Fuels,3.4,4.24,0.84,2016
S13U,Fine Fuels,5.51,6.87,1.36,2016
S13U,Fine Fuels,7.45,9.24,1.79,2016
S13U,Fine Fuels,9.33,9.56,0.23,2016
S13U,Fine Fuels,10.3,10.67,0.37,2016
S13U,Fine Fuels,10.73,11.36,0.63,2016
S13U,Fine Fuels,11.54,11.66,0.12,2016
S13U,Fine Fuels,11.54,13.91,2.37,2016
S13U,Fine Fuels,13.97,14.18,0.21,2016
S13U,Fine Fuels,14.6,22.2,7.6,2016
S13U,Fine Fuels,22.33,32.04,9.71,2016
S13U,Fine Fuels,32.1,36.85,4.75,2016
S13U,Fine Fuels,36.96,37.28,0.32,2016
S13U,Fine Fuels,37.51,41.8,4.29,2016
S13U,Fine Fuels,42.19,42.72,0.53,2016
S13U,Fine Fuels,42.84,43.01,0.17,2016
S13U,Fine Fuels,43.12,45.24,2.12,2016
S13U,Fine Fuels,45.39,46.85,1.46,2016
S13U,Fine Fuels,46.29,49.72,3.43,2016
S13U,Fine Fuels,49.87,50,0.13,2016
S13U,Shrubs,14.83,14.95,0.12,2016
S13U,Shrubs,37.91,38.12,0.21,2016
S13U,Shrubs,42.2,42.76,0.56,2016
S13U,Shrubs,46.14,46.28,0.14,2016
S06B,Fine Fuels ,1.19,2.45,1.26,2016
S06B,Fine Fuels ,2.7,2.81,0.11,2016
S06B,Fine Fuels ,3.66,3.92,0.26,2016
S06B,Fine Fuels ,5.01,5.11,0.1,2016
S06B,Fine Fuels ,5.21,5.3,0.09,2016
S06B,Fine Fuels ,5.13,5.26,0.13,2016
S06B,Fine Fuels ,7.12,7.22,0.1,2016
S06B,Fine Fuels ,9,9.34,0.34,2016
S06B,Fine Fuels ,10.69,11.01,0.32,2016
S06B,Fine Fuels ,12.07,12.23,0.16,2016
S06B,Fine Fuels ,14.39,14.7,0.31,2016
S06B,Fine Fuels ,15.9,16.32,0.42,2016
S06B,Fine Fuels ,16.4,16.77,0.37,2016
S06B,Fine Fuels ,17.56,17.72,0.16,2016
S06B,Fine Fuels ,18.55,18.88,0.33,2016
S06B,Fine Fuels ,19.21,19.42,0.21,2016
S06B,Fine Fuels ,21.82,21.92,0.1,2016
S06B,Fine Fuels ,22.5,22.65,0.15,2016
S06B,Fine Fuels ,24.66,24.94,0.28,2016
S06B,Fine Fuels ,25.11,25.35,0.24,2016
S06B,Fine Fuels ,27.56,27.71,0.15,2016
S06B,Fine Fuels ,29.22,29.59,0.37,2016
S06B,Fine Fuels ,31.22,31.32,0.1,2016
S06B,Fine Fuels ,33.33,33.52,0.19,2016
S06B,Fine Fuels ,36.19,36.4,0.21,2016
S06B,Fine Fuels ,38.37,38.49,0.12,2016
S06B,Fine Fuels ,40.07,40.19,0.12,2016
S06B,Fine Fuels ,41.54,41.82,0.28,2016
S06B,Fine Fuels ,43.72,43.82,0.1,2016
S06B,Fine Fuels ,43.92,44.36,0.44,2016
S06B,Fine Fuels ,45.09,45.31,0.22,2016
S06B,Fine Fuels ,47.32,47.49,0.17,2016
S06B,Fine Fuels ,48.17,48.29,0.12,2016
S06B,Fine Fuels ,48.91,49.42,0.51,2016
S06B,Shrubs,0.49,0.61,0.12,2016
S06B,Shrubs,1.19,1.62,0.43,2016
S06U,Fine Fuels ,0.63,2.11,1.48,2016
S06U,Fine Fuels ,2.41,4.46,2.05,2016
S06U,Fine Fuels ,4.72,4.91,0.19,2016
S06U,Fine Fuels ,5.08,7.74,2.66,2016
S06U,Fine Fuels ,8.24,8.43,0.19,2016
S06U,Fine Fuels ,8.9,11.11,2.21,2016
S06U,Fine Fuels ,11.29,11.4,0.11,2016
S06U,Fine Fuels ,11.65,15.52,3.87,2016
S06U,Fine Fuels ,15.48,16.6,1.12,2016
S06U,Fine Fuels ,18.19,19.93,1.74,2016
S06U,Fine Fuels ,20.49,21.51,1.02,2016
S06U,Fine Fuels ,21.94,22.69,0.75,2016
S06U,Fine Fuels ,22.78,22.94,0.16,2016
S06U,Fine Fuels ,23.23,26.99,3.76,2016
S06U,Fine Fuels ,27.08,27.18,0.1,2016
S06U,Fine Fuels ,27.4,27.77,0.37,2016
S06U,Fine Fuels ,28.1,28.84,0.74,2016
S06U,Fine Fuels ,29.02,29.14,0.12,2016
S06U,Fine Fuels ,29.65,32.32,2.67,2016
S06U,Fine Fuels ,34.38,35.01,0.63,2016
S06U,Fine Fuels ,38.77,38.94,0.17,2016
S06U,Fine Fuels ,40.03,40.11,0.08,2016
S06U,Fine Fuels ,40.41,41.98,1.57,2016
S06U,Fine Fuels ,42.16,42.47,0.31,2016
S06U,Fine Fuels ,43.33,43.43,0.1,2016
S06U,Fine Fuels ,44.12,44.33,0.21,2016
S06U,Fine Fuels ,44.65,45.33,0.68,2016
S06U,Fine Fuels ,45.9,46.63,0.73,2016
S06U,Fine Fuels ,47.17,47.25,0.08,2016
S06U,Fine Fuels ,47.32,47.46,0.14,2016
S06U,Fine Fuels ,47.73,47.8,0.07,2016
S06U,Fine Fuels ,47.84,48.03,0.19,2016
S06U,Fine Fuels ,48.4,48.57,0.17,2016
S06U,Fine Fuels ,48.7,58.81,10.11,2016
S06U,Fine Fuels ,48.87,49.06,0.19,2016
S06U,Fine Fuels ,49.36,50,0.64,2016
S06U,Shrubs,0.9,1.37,0.47,2016
S06U,Shrubs,1.56,1.9,0.34,2016
S06U,Shrubs,2.35,2.52,0.17,2016
S06U,Shrubs,2.91,3.66,0.75,2016
S06U,Shrubs,3.73,3.9,0.17,2016
S06U,Shrubs,4.94,5.01,0.07,2016
S06U,Shrubs,6.46,6.74,0.28,2016
S06U,Shrubs,9.43,10.02,0.59,2016
S06U,Shrubs,10.2,10.9,0.7,2016
S06U,Shrubs,11.68,12.2,0.52,2016
S06U,Shrubs,12.34,12.55,0.21,2016
S06U,Shrubs,12.8,13.21,0.41,2016
S06U,Shrubs,13.44,14.1,0.66,2016
S06U,Shrubs,17.73,17.99,0.26,2016
S06U,Shrubs,18.38,18.9,0.52,2016
S06U,Shrubs,19.24,19.7,0.46,2016
S06U,Shrubs,19.88,20.41,0.53,2016
S06U,Shrubs,20.93,21.36,0.43,2016
S06U,Shrubs,23.56,23.98,0.42,2016
S06U,Shrubs,24.75,25.89,1.14,2016
S06U,Shrubs,26.24,26.82,0.58,2016
S06U,Shrubs,27.53,27.87,0.34,2016
S06U,Shrubs,28.26,28.76,0.5,2016
S06U,Shrubs,29.69,30.12,0.43,2016
S06U,Shrubs,32.18,32.42,0.24,2016
S06U,Shrubs,33.34,33.82,0.48,2016
S06U,Shrubs,33.93,34.45,0.52,2016
S06U,Shrubs,34.99,35.24,0.25,2016
S06U,Shrubs,35.5,35.77,0.27,2016
S06U,Shrubs,36.49,36.76,0.27,2016
S06U,Shrubs,37.49,37.61,0.12,2016
S06U,Shrubs,38.01,38.34,0.33,2016
S06U,Shrubs,40.29,40.65,0.36,2016
S06U,Shrubs,41.02,41.79,0.77,2016
S06U,Shrubs,42.52,42.63,0.11,2016
S06U,Shrubs,42.75,42.83,0.08,2016
S06U,Shrubs,43.04,43.25,0.21,2016
S06U,Shrubs,44.26,44.39,0.13,2016
S06U,Shrubs,44.6,44.98,0.38,2016
S06U,Shrubs,46.05,46.53,0.48,2016
S06U,Shrubs,47.84,48.25,0.41,2016
S10B,Fine Fuels ,0.22,0.4,0.18,2016
S10B,Fine Fuels ,0.54,0.7,0.16,2016
S10B,Fine Fuels ,1.16,1.25,0.09,2016
S10B,Fine Fuels ,1.9,2.04,0.14,2016
S10B,Fine Fuels ,3.08,3.2,0.12,2016
S10B,Fine Fuels ,4.82,5.02,0.2,2016
S10B,Fine Fuels ,5.9,5.99,0.09,2016
S10B,Fine Fuels ,6.45,6.94,0.49,2016
S10B,Fine Fuels ,9.79,9.91,0.12,2016
S10B,Fine Fuels ,10.05,10.15,0.1,2016
S10B,Fine Fuels ,12.43,12.59,0.16,2016
S10B,Fine Fuels ,12.9,13,0.1,2016
S10B,Fine Fuels ,14.08,14.2,0.12,2016
S10B,Fine Fuels ,14.95,15.51,0.56,2016
S10B,Fine Fuels ,17.41,17.54,0.13,2016
S10B,Fine Fuels ,18.12,18.5,0.38,2016
S10B,Fine Fuels ,19.89,20.01,0.12,2016
S10B,Fine Fuels ,20.43,20.6,0.17,2016
S10B,Fine Fuels ,21.23,21.4,0.17,2016
S10B,Fine Fuels ,22.5,22.68,0.18,2016
S10B,Fine Fuels ,23.29,23.49,0.2,2016
S10B,Fine Fuels ,24.1,24.52,0.42,2016
S10B,Fine Fuels ,24.87,25.03,0.16,2016
S10B,Fine Fuels ,25.2,25.37,0.17,2016
S10B,Fine Fuels ,25.98,26.12,0.14,2016
S10B,Fine Fuels ,27.4,27.75,0.35,2016
S10B,Fine Fuels ,28.32,28.6,0.28,2016
S10B,Fine Fuels ,30.69,31.24,0.55,2016
S10B,Fine Fuels ,32.51,32.7,0.19,2016
S10B,Fine Fuels ,34.29,34.41,0.12,2016
S10B,Fine Fuels ,37.99,38.25,0.26,2016
S10B,Fine Fuels ,39.03,39.22,0.19,2016
S10B,Fine Fuels ,39.81,40.1,0.29,2016
S10B,Fine Fuels ,42.11,42.32,0.21,2016
S10B,Fine Fuels ,44.39,44.92,0.53,2016
S10B,Fine Fuels ,45,45.1,0.1,2016
S10B,Fine Fuels ,45.8,45.93,0.13,2016
S10B,Fine Fuels ,46.25,46.47,0.22,2016
S10B,Fine Fuels ,46.82,48.29,1.47,2016
S10B,Fine Fuels ,48.65,48.85,0.2,2016
S10B,Fine Fuels ,49.47,50,0.53,2016
S10B,Shrubs,44.07,44.21,0.14,2016
S10U,Fine Fuels,0,0.25,0.25,2016
S10U,Fine Fuels,0.33,0.44,0.11,2016
S10U,Fine Fuels,0.53,0.63,0.1,2016
S10U,Fine Fuels,0.95,1.48,0.53,2016
S10U,Fine Fuels,1.59,2.43,0.84,2016
S10U,Fine Fuels,2.77,2.89,0.12,2016
S10U,Fine Fuels,3.06,3.95,0.89,2016
S10U,Fine Fuels,4.18,4.38,0.2,2016
S10U,Fine Fuels,4.44,5.56,1.12,2016
S10U,Fine Fuels,5.85,6.25,0.4,2016
S10U,Fine Fuels,7.14,8.69,1.55,2016
S10U,Fine Fuels,9.45,10.3,0.85,2016
S10U,Fine Fuels,11.29,11.97,0.68,2016
S10U,Fine Fuels,12.48,15.25,2.77,2016
S10U,Fine Fuels,15.74,16.15,0.41,2016
S10U,Fine Fuels,17.55,18.05,0.5,2016
S10U,Fine Fuels,18.98,19.6,0.62,2016
S10U,Fine Fuels,20.71,21.1,0.39,2016
S10U,Fine Fuels,21.3,21.44,0.14,2016
S10U,Fine Fuels,22.32,23.32,1,2016
S10U,Fine Fuels,23.5,27.05,3.55,2016
S10U,Fine Fuels,28.01,28.46,0.45,2016
S10U,Fine Fuels,28.8,34.79,5.99,2016
S10U,Fine Fuels,35.03,35.57,0.54,2016
S10U,Fine Fuels,36.19,36.29,0.1,2016
S10U,Fine Fuels,36.65,36.84,0.19,2016
S10U,Fine Fuels,38.66,38.85,0.19,2016
S10U,Fine Fuels,39.05,40.23,1.18,2016
S10U,Fine Fuels,40.79,41.03,0.24,2016
S10U,Fine Fuels,41.62,42.68,1.06,2016
S10U,Fine Fuels,43.04,44.85,1.81,2016
S10U,Fine Fuels,45,45.32,0.32,2016
S10U,Fine Fuels,45.5,46.12,0.62,2016
S10U,Fine Fuels,47.12,47.4,0.28,2016
S10U,Fine Fuels,47.7,50,2.3,2016
S10U,Shrubs,3.03,3.72,0.69,2016
S10U,Shrubs,5.46,5.51,0.05,2016
S10U,Shrubs,7.97,8.48,0.51,2016
S10U,Shrubs,13.79,14.4,0.61,2016
S10U,Shrubs,15.88,15.96,0.08,2016
S10U,Shrubs,19.25,19.6,0.35,2016
S10U,Shrubs,21.37,21.82,0.45,2016
S10U,Shrubs,22.14,23.03,0.89,2016
S10U,Shrubs,24.96,25.03,0.07,2016
S10U,Shrubs,26.19,26.67,0.48,2016
S10U,Shrubs,30.1,31.47,1.37,2016
S10U,Shrubs,32.14,32.87,0.73,2016
S10U,Shrubs,34.12,34.51,0.39,2016
S10U,Shrubs,37.62,38.08,0.46,2016
S10U,Shrubs,39.39,39.9,0.51,2016
S10U,Shrubs,41.06,41.48,0.42,2016
S10U,Shrubs,44.12,44.63,0.51,2016
S10U,Shrubs,47.38,47.48,0.1,2016
S10U,Shrubs,47.72,48,0.28,2016
S10U,Shrubs,48.22,48.51,0.29,2016
S10U,Shrubs,48.62,49,0.38,2016
S01B,Fine Fuels ,0.29,0.35,0.06,2016
S01B,Fine Fuels ,0.91,1.1,0.19,2016
S01B,Fine Fuels ,1.8,2.02,0.22,2016
S01B,Fine Fuels ,3.11,3.51,0.4,2016
S01B,Fine Fuels ,5.36,5.46,0.1,2016
S01B,Fine Fuels ,5.54,5.65,0.11,2016
S01B,Fine Fuels ,6.35,6.43,0.08,2016
S01B,Fine Fuels ,6.8,7.26,0.46,2016
S01B,Fine Fuels ,8.39,8.74,0.35,2016
S01B,Fine Fuels ,9.46,10.22,0.76,2016
S01B,Fine Fuels ,10.36,10.52,0.16,2016
S01B,Fine Fuels ,11.19,11.35,0.16,2016
S01B,Fine Fuels ,13.9,14.52,0.62,2016
S01B,Fine Fuels ,16.13,16.24,0.11,2016
S01B,Fine Fuels ,16.43,16.57,0.14,2016
S01B,Fine Fuels ,17.44,17.67,0.23,2016
S01B,Fine Fuels ,19.98,20.66,0.68,2016
S01B,Fine Fuels ,23.72,24.22,0.5,2016
S01B,Fine Fuels ,24.46,24.8,0.34,2016
S01B,Fine Fuels ,33.4,33.97,0.57,2016
S01B,Fine Fuels ,36.28,36.44,0.16,2016
S01B,Fine Fuels ,37.05,37.38,0.33,2016
S01B,Fine Fuels ,37.82,37.96,0.14,2016
S01B,Fine Fuels ,42.29,42.45,0.16,2016
S01B,Fine Fuels ,43.09,43.49,0.4,2016
S01B,Fine Fuels ,43.76,43.91,0.15,2016
S01B,Fine Fuels ,47.02,47.27,0.25,2016
S01B,Fine Fuels ,47.98,48.2,0.22,2016
S01B,Fine Fuels ,49.13,49.26,0.13,2016
S10B,Shrubs,9.62,9.93,0.31,2016
S01U,Fine Fuels ,0,0.2,0.2,2016
S01U,Fine Fuels ,0.37,1.95,1.58,2016
S01U,Fine Fuels ,2.24,4.16,1.92,2016
S01U,Fine Fuels ,4.44,5.07,0.63,2016
S01U,Fine Fuels ,6.35,8.12,1.77,2016
S01U,Fine Fuels ,8.73,9.32,0.59,2016
S01U,Fine Fuels ,9.65,9.84,0.19,2016
S01U,Fine Fuels ,10.35,10.83,0.48,2016
S01U,Fine Fuels ,11.4,14.65,3.25,2016
S01U,Fine Fuels ,14.81,18.3,3.49,2016
S01U,Fine Fuels ,19.4,19.96,0.56,2016
S01U,Fine Fuels ,20.43,22.41,1.98,2016
S01U,Fine Fuels ,23.97,24.1,0.13,2016
S01U,Fine Fuels ,24.24,24.88,0.64,2016
S01U,Fine Fuels ,25.42,28.35,2.93,2016
S01U,Fine Fuels ,28.6,29.09,0.49,2016
S01U,Fine Fuels ,30.22,30.83,0.61,2016
S01U,Fine Fuels ,31.3,33.28,1.98,2016
S01U,Fine Fuels ,34.1,34.94,0.84,2016
S01U,Fine Fuels ,36.52,38.47,1.95,2016
S01U,Fine Fuels ,40.83,42.29,1.46,2016
S01U,Fine Fuels ,42.56,44.99,2.43,2016
S01U,Fine Fuels ,45.39,47.72,2.33,2016
S01U,Fine Fuels ,48.13,48.79,0.66,2016
S01U,Fine Fuels ,49.42,49.76,0.34,2016
S01U,Shrubs,2.63,2.72,0.09,2016
S01U,Shrubs,5.5,6.32,0.82,2016
S01U,Shrubs,8.15,8.72,0.57,2016
S01U,Shrubs,10.85,11.39,0.54,2016
S01U,Shrubs,18.4,19.07,0.67,2016
S01U,Shrubs,19.98,20.24,0.26,2016
S01U,Shrubs,22.42,23.08,0.66,2016
S01U,Shrubs,24.13,24.23,0.1,2016
S01U,Shrubs,29.87,30.21,0.34,2016
S01U,Shrubs,30.94,31.29,0.35,2016
S01U,Shrubs,34.95,35.3,0.35,2016
S01U,Shrubs,39.67,40.26,0.59,2016
S01U,Shrubs,42.3,42.55,0.25,2016
S01U,Shrubs,45,45.34,0.34,2016
S01U,Shrubs,47.72,48.11,0.39,2016
S01U,Shrubs,48.8,49.37,0.57,2016
S01U,Shrubs,49.83,50,0.17,2016
S02B,Fine Fuels,0,2,2,2019
S02B,Fine Fuels,2.2,3.84,1.64,2019
S02B,Fine Fuels,3.94,6.26,2.32,2019
S02B,Fine Fuels,7.2,13.11,5.91,2019
S02B,Fine Fuels,13.29,17.82,4.53,2019
S02B,Fine Fuels,18,18.25,0.25,2019
S02B,Fine Fuels,18.39,21.12,2.73,2019
S02B,Fine Fuels,21.25,24.83,3.58,2019
S02B,Fine Fuels,24.95,38.13,13.18,2019
S02B,Fine Fuels,38.3,42.8,4.5,2019
S02B,Fine Fuels,42.91,50,7.09,2019
S02B,Shrubs,50,50,0,2019
S03B,Shrubs,50,50,0,2019
S03B,Fine Fuels,0.13,5.05,4.92,2019
S03B,Fine Fuels,5.15,11.25,6.1,2019
S03B,Fine Fuels,11.43,19.19,7.76,2019
S03B,Fine Fuels,19.28,21.2,1.92,2019
S03B,Fine Fuels,21.31,27.59,6.28,2019
S03B,Fine Fuels,27.7,30.2,2.5,2019
S03B,Fine Fuels,30.5,36.03,5.53,2019
S03B,Fine Fuels,36.2,40.13,3.93,2019
S03B,Fine Fuels,40.25,47.6,7.35,2019
S03B,Fine Fuels,47.67,50,2.33,2019
S09B,Shrubs,1.63,2.47,0.84,2019
S09B,Shrubs,3.25,3.97,0.72,2019
S09B,Shrubs,11.79,11.92,0.130000000000001,2019
S09B,Shrubs,13.26,13.32,0.060000000000001,2019
S09B,Shrubs,17.84,17.97,0.129999999999999,2019
S09B,Shrubs,18.39,19.02,0.629999999999999,2019
S09B,Shrubs,19.8,19.91,0.109999999999999,2019
S09B,Shrubs,31.51,31.65,0.139999999999997,2019
S09B,Shrubs,42.56,42.71,0.149999999999999,2019
S09B,Shrubs,45.93,46.14,0.210000000000001,2019
S09B,Fine Fuels,0,0.32,0.32,2019
S09B,Fine Fuels,1.4,3.55,2.15,2019
S09B,Fine Fuels,3.9,7.41,3.51,2019
S09B,Fine Fuels,8.71,10.45,1.74,2019
S09B,Fine Fuels,10.6,12.24,1.64,2019
S09B,Fine Fuels,12.94,13.11,0.17,2019
S09B,Fine Fuels,13.36,14.03,0.67,2019
S09B,Fine Fuels,14.09,14.28,0.19,2019
S09B,Fine Fuels,15.2,15.31,0.110000000000001,2019
S09B,Fine Fuels,15.79,15.9,0.110000000000001,2019
S09B,Fine Fuels,16.2,17.3,1.1,2019
S09B,Fine Fuels,18.29,18.4,0.109999999999999,2019
S09B,Fine Fuels,18.8,18.91,0.109999999999999,2019
S09B,Fine Fuels,19,19.25,0.25,2019
S09B,Fine Fuels,19.87,20.09,0.219999999999999,2019
S09B,Fine Fuels,20.25,25.19,4.94,2019
S09B,Fine Fuels,25.38,29.01,3.63,2019
S09B,Fine Fuels,29.19,30.2,1.01,2019
S09B,Fine Fuels,30.51,30.7,0.189999999999998,2019
S09B,Fine Fuels,30.95,31.59,0.640000000000001,2019
S09B,Fine Fuels,31.9,32.07,0.170000000000002,2019
S09B,Fine Fuels,32.15,35.16,3.01,2019
S09B,Fine Fuels,35.23,36.15,0.920000000000002,2019
S09B,Fine Fuels,36.35,36.67,0.32,2019
S09B,Fine Fuels,37.09,38.29,1.2,2019
S09B,Fine Fuels,38.53,38.69,0.159999999999997,2019
S09B,Fine Fuels,38.85,40.28,1.43,2019
S09B,Fine Fuels,40.84,41.04,0.199999999999996,2019
S09B,Fine Fuels,41.55,41.72,0.170000000000002,2019
S09B,Fine Fuels,42.13,42.23,0.099999999999994,2019
S09B,Fine Fuels,42.75,43.2,0.450000000000003,2019
S09B,Fine Fuels,43.85,43.92,0.07,2019
S09B,Fine Fuels,44.19,44.86,0.670000000000002,2019
S09B,Fine Fuels,44.92,45.9,0.979999999999997,2019
S09B,Fine Fuels,47,48.44,1.44,2019
S09B,Fine Fuels,48.79,48.9,0.109999999999999,2019
S09B,Fine Fuels,49.1,50,0.899999999999999,2019
S04B,Shrubs,50,50,0,2019
S04B,Fine Fuels,0,0.47,0.47,2019
S04B,Fine Fuels,0.91,1.02,0.11,2019
S04B,Fine Fuels,1.39,2.4,1.01,2019
S04B,Fine Fuels,2.95,5.47,2.52,2019
S04B,Fine Fuels,5.61,5.81,0.2,2019
S04B,Fine Fuels,6.01,9.59,3.58,2019
S04B,Fine Fuels,9.7,9.79,0.09,2019
S04B,Fine Fuels,10.07,14.43,4.36,2019
S04B,Fine Fuels,14.79,16.02,1.23,2019
S04B,Fine Fuels,16.19,16.98,0.789999999999999,2019
S04B,Fine Fuels,17.35,17.69,0.34,2019
S04B,Fine Fuels,17.86,18.09,0.23,2019
S04B,Fine Fuels,18.17,18.89,0.719999999999999,2019
S04B,Fine Fuels,19.18,19.55,0.370000000000001,2019
S04B,Fine Fuels,19.75,20.55,0.800000000000001,2019
S04B,Fine Fuels,20.65,21.67,1.02,2019
S04B,Fine Fuels,21.8,23.75,1.95,2019
S04B,Fine Fuels,23.87,24.49,0.619999999999997,2019
S04B,Fine Fuels,24.69,28.14,3.45,2019
S04B,Fine Fuels,28.28,29.3,1.02,2019
S04B,Fine Fuels,30.27,31.86,1.59,2019
S04B,Fine Fuels,32.04,33.97,1.93,2019
S04B,Fine Fuels,34.31,38.56,4.25,2019
S04B,Fine Fuels,38.8,40.64,1.84,2019
S04B,Fine Fuels,40.75,40.85,0.100000000000001,2019
S04B,Fine Fuels,40.96,42.43,1.47,2019
S04B,Fine Fuels,42.37,42.69,0.32,2019
S04B,Fine Fuels,42.81,43.39,0.579999999999998,2019
S04B,Fine Fuels,43.44,45.11,1.67,2019
S04B,Fine Fuels,45.22,47.09,1.87,2019
S04B,Fine Fuels,47.2,48.29,1.09,2019
S04B,Fine Fuels,48.34,48.42,0.079999999999998,2019
S04B,Fine Fuels,48.73,48.93,0.200000000000003,2019
S04B,Fine Fuels,49.03,49.1,0.07,2019
S04B,Fine Fuels,49.3,50,0.700000000000003,2019
S08B,Shrubs,1.7,1.86,0.16,2019
S08B,Shrubs,2.29,2.7,0.41,2019
S08B,Shrubs,5.14,5.3,0.16,2019
S08B,Shrubs,27.61,27.75,0.140000000000001,2019
S08B,Shrubs,35.8,35.92,0.120000000000005,2019
S08B,Shrubs,36.89,36.93,0.039999999999999,2019
S08B,Shrubs,46.04,46.25,0.210000000000001,2019
S08B,Shrubs,46.81,46.86,0.049999999999997,2019
S08B,Shrubs,47.05,47.15,0.100000000000001,2019
S08B,Shrubs,48.95,49.07,0.119999999999997,2019
S08B,Fine Fuels,0,2.8,2.8,2019
S08B,Fine Fuels,2.9,3.65,0.75,2019
S08B,Fine Fuels,3.81,5.94,2.13,2019
S08B,Fine Fuels,5.99,6.18,0.19,2019
S08B,Fine Fuels,6.35,9.21,2.86,2019
S08B,Fine Fuels,9.3,10.05,0.75,2019
S08B,Fine Fuels,10.11,10.98,0.870000000000001,2019
S08B,Fine Fuels,11.09,13.21,2.12,2019
S08B,Fine Fuels,13.47,13.8,0.33,2019
S08B,Fine Fuels,13.9,14.02,0.119999999999999,2019
S08B,Fine Fuels,14.2,15.69,1.49,2019
S08B,Fine Fuels,38.55,40.17,1.62,2019
S08B,Fine Fuels,40.55,49.17,8.62,2019
S08B,Fine Fuels,49.3,50,0.700000000000003,2019
S05B,Shrubs,50,50,0,2019
S05B,Fine Fuels,0.14,0.24,0.1,2019
S05B,Fine Fuels,0.56,0.65,0.09,2019
S05B,Fine Fuels,1.05,1.15,0.1,2019
S05B,Fine Fuels,1.23,1.85,0.62,2019
S05B,Fine Fuels,2.22,2.42,0.2,2019
S05B,Fine Fuels,2.53,3.31,0.78,2019
S05B,Fine Fuels,3.43,3.55,0.12,2019
S05B,Fine Fuels,3.85,4,0.15,2019
S05B,Fine Fuels,4.24,4.79,0.55,2019
S05B,Fine Fuels,5.59,5.89,0.3,2019
S05B,Fine Fuels,6.8,6.99,0.19,2019
S05B,Fine Fuels,7.02,7.29,0.27,2019
S05B,Fine Fuels,7.69,8.49,0.8,2019
S05B,Fine Fuels,8.65,9.24,0.59,2019
S05B,Fine Fuels,9.39,11.1,1.71,2019
S05B,Fine Fuels,11.29,11.59,0.300000000000001,2019
S05B,Fine Fuels,11.7,11.79,0.09,2019
S05B,Fine Fuels,12.11,12.85,0.74,2019
S05B,Fine Fuels,12.99,13.49,0.5,2019
S05B,Fine Fuels,13.96,15.66,1.7,2019
S05B,Fine Fuels,15.92,16.86,0.94,2019
S05B,Fine Fuels,17.09,18.49,1.4,2019
S05B,Fine Fuels,18.69,18.89,0.199999999999999,2019
S05B,Fine Fuels,18.95,19.11,0.16,2019
S05B,Fine Fuels,19.2,19.42,0.220000000000002,2019
S05B,Fine Fuels,19.81,22.13,2.32,2019
S05B,Fine Fuels,22.23,23.99,1.76,2019
S05B,Fine Fuels,24.15,26.3,2.15,2019
S05B,Fine Fuels,26.49,26.69,0.200000000000003,2019
S05B,Fine Fuels,27.48,27.99,0.509999999999998,2019
S05B,Fine Fuels,28.1,28.39,0.289999999999999,2019
S05B,Fine Fuels,28.45,28.53,0.080000000000002,2019
S05B,Fine Fuels,28.79,29.25,0.460000000000001,2019
S05B,Fine Fuels,29.49,32.28,2.79,2019
S05B,Fine Fuels,32.41,32.75,0.340000000000003,2019
S05B,Fine Fuels,32.83,34.34,1.51000000000001,2019
S05B,Fine Fuels,34.7,35.1,0.399999999999999,2019
S05B,Fine Fuels,35.23,36.72,1.49,2019
S05B,Fine Fuels,36.33,36.95,0.620000000000005,2019
S05B,Fine Fuels,37.22,38.72,1.5,2019
S05B,Fine Fuels,38.81,38.95,0.140000000000001,2019
S05B,Fine Fuels,39.16,40.93,1.77,2019
S05B,Fine Fuels,41.05,41.4,0.350000000000001,2019
S05B,Fine Fuels,41.89,42.09,0.200000000000003,2019
S05B,Fine Fuels,42.2,43.65,1.45,2019
S05B,Fine Fuels,43.75,43.9,0.149999999999999,2019
S05B,Fine Fuels,44.13,44.26,0.129999999999995,2019
S05B,Fine Fuels,45.01,50,4.99,2019
S12B,Shrubs,3.85,4.05,0.2,2019
S12B,Shrubs,5.7,5.75,0.05,2019
S12B,Shrubs,9.12,9.2,0.08,2019
S12B,Shrubs,33.1,33.15,0.049999999999997,2019
S12B,Shrubs,12.1,12.4,0.300000000000001,2019
S12B,Fine Fuels,0,0.2,0.2,2019
S12B,Fine Fuels,0.35,0.5,0.15,2019
S12B,Fine Fuels,0.57,0.65,0.08,2019
S12B,Fine Fuels,1.7,1.77,0.07,2019
S12B,Fine Fuels,3.57,3.65,0.08,2019
S12B,Fine Fuels,3.7,3.85,0.15,2019
S12B,Fine Fuels,3.9,4.15,0.25,2019
S12B,Fine Fuels,4.35,4.59,0.24,2019
S12B,Fine Fuels,4.9,5.1,0.199999999999999,2019
S12B,Fine Fuels,5.32,6.42,1.1,2019
S12B,Fine Fuels,7.2,7.5,0.3,2019
S12B,Fine Fuels,7.9,8.15,0.25,2019
S12B,Fine Fuels,8.3,8.47,0.17,2019
S12B,Fine Fuels,8.95,9.07,0.120000000000001,2019
S12B,Fine Fuels,9.5,10.55,1.05,2019
S12B,Fine Fuels,10.95,11.1,0.15,2019
S12B,Fine Fuels,11.25,11.55,0.300000000000001,2019
S12B,Fine Fuels,12.37,12.47,0.100000000000001,2019
S12B,Fine Fuels,12.59,12.85,0.26,2019
S12B,Fine Fuels,13.35,14,0.65,2019
S12B,Fine Fuels,14.15,14.35,0.199999999999999,2019
S12B,Fine Fuels,14.87,15.05,0.180000000000002,2019
S12B,Fine Fuels,15.1,15.55,0.450000000000001,2019
S12B,Fine Fuels,16.3,16.6,0.300000000000001,2019
S12B,Fine Fuels,17.17,17.4,0.229999999999997,2019
S12B,Fine Fuels,17.8,18.22,0.419999999999998,2019
S12B,Fine Fuels,18.6,18.9,0.299999999999997,2019
S12B,Fine Fuels,19.35,19.48,0.129999999999999,2019
S12B,Fine Fuels,19.7,20.18,0.48,2019
S12B,Fine Fuels,20.92,21.25,0.329999999999998,2019
S12B,Fine Fuels,21.66,21.8,0.140000000000001,2019
S12B,Fine Fuels,21.97,22.07,0.100000000000001,2019
S12B,Fine Fuels,22.3,22.71,0.41,2019
S12B,Fine Fuels,24.51,24.56,0.049999999999997,2019
S12B,Fine Fuels,25,25.14,0.140000000000001,2019
S12B,Fine Fuels,25.25,25.35,0.100000000000001,2019
S12B,Fine Fuels,25.7,27.75,2.05,2019
S12B,Fine Fuels,26,26.2,0.199999999999999,2019
S12B,Fine Fuels,26.3,26.55,0.25,2019
S12B,Fine Fuels,26.65,26.88,0.23,2019
S12B,Fine Fuels,27.1,27.2,0.099999999999998,2019
S12B,Fine Fuels,27.3,27.95,0.649999999999999,2019
S12B,Fine Fuels,28.25,28.4,0.149999999999999,2019
S12B,Fine Fuels,28.7,28.8,0.100000000000001,2019
S12B,Fine Fuels,29.39,29.55,0.16,2019
S12B,Fine Fuels,30.21,30.35,0.140000000000001,2019
S12B,Fine Fuels,31.7,31.83,0.129999999999999,2019
S12B,Fine Fuels,32.23,32.3,0.07,2019
S12B,Fine Fuels,33.35,33.47,0.119999999999997,2019
S12B,Fine Fuels,33.62,33.72,0.100000000000001,2019
S12B,Fine Fuels,34.95,35.1,0.149999999999999,2019
S12B,Fine Fuels,35.4,35.5,0.100000000000001,2019
S12B,Fine Fuels,35.9,35.97,0.07,2019
S12B,Fine Fuels,36.35,36.42,0.07,2019
S12B,Fine Fuels,37.49,37.95,0.460000000000001,2019
S12B,Fine Fuels,39.56,39.67,0.109999999999999,2019
S12B,Fine Fuels,39.9,39.96,0.060000000000002,2019
S12B,Fine Fuels,40.44,41,0.560000000000002,2019
S12B,Fine Fuels,41.66,41.74,0.080000000000005,2019
S12B,Fine Fuels,42.1,42.32,0.219999999999999,2019
S12B,Fine Fuels,43.2,43.42,0.219999999999999,2019
S12B,Fine Fuels,43.9,43.96,0.060000000000002,2019
S12B,Fine Fuels,45.1,45.2,0.100000000000001,2019
S12B,Fine Fuels,45.4,46.1,0.700000000000003,2019
S12B,Fine Fuels,46.3,46.63,0.330000000000005,2019
S12B,Fine Fuels,47,47.2,0.200000000000003,2019
S12B,Fine Fuels,47.5,47.65,0.149999999999999,2019
S12B,Fine Fuels,48.02,48.43,0.409999999999997,2019
S12B,Fine Fuels,48.5,48.75,0.25,2019
S12B,Fine Fuels,48.91,49.23,0.32,2019
S12B,Fine Fuels,49.62,49.95,0.330000000000005,2019
S13B,Shrubs,5.95,6.02,0.069999999999999,2019
S13B,Shrubs,6.57,6.95,0.38,2019
S13B,Shrubs,7.05,7.35,0.3,2019
S13B,Shrubs,32.05,32.25,0.200000000000003,2019
S13B,Shrubs,39.3,39.79,0.490000000000002,2019
S13B,Shrubs,43.75,44.2,0.450000000000003,2019
S13B,Fine Fuels,0.65,0.75,0.1,2019
S13B,Fine Fuels,1.23,1.45,0.22,2019
S13B,Fine Fuels,1.7,2.4,0.7,2019
S13B,Fine Fuels,3.15,3.25,0.1,2019
S13B,Fine Fuels,3.63,3.7,0.07,2019
S13B,Fine Fuels,5,5.17,0.17,2019
S13B,Fine Fuels,5.61,6.45,0.84,2019
S13B,Fine Fuels,7.52,7.85,0.33,2019
S13B,Fine Fuels,8.05,8.22,0.17,2019
S13B,Fine Fuels,8.6,8.7,0.1,2019
S13B,Fine Fuels,9.3,9.55,0.25,2019
S13B,Fine Fuels,9.8,10.4,0.6,2019
S13B,Fine Fuels,10.95,11.02,0.07,2019
S13B,Fine Fuels,11.3,11.39,0.09,2019
S13B,Fine Fuels,11.7,11.85,0.15,2019
S13B,Fine Fuels,12,12.21,0.210000000000001,2019
S13B,Fine Fuels,12.35,13.1,0.75,2019
S13B,Fine Fuels,13.15,13.85,0.699999999999999,2019
S13B,Fine Fuels,13.95,14.45,0.5,2019
S13B,Fine Fuels,15.1,15.4,0.300000000000001,2019
S13B,Fine Fuels,15.8,16,0.199999999999999,2019
S13B,Fine Fuels,16.15,16.71,0.560000000000002,2019
S13B,Fine Fuels,16.89,16.97,0.079999999999998,2019
S13B,Fine Fuels,17.15,17.27,0.120000000000001,2019
S13B,Fine Fuels,17.47,17.57,0.100000000000001,2019
S13B,Fine Fuels,17.89,17.95,0.059999999999999,2019
S13B,Fine Fuels,18.1,18.34,0.239999999999998,2019
S13B,Fine Fuels,19.15,19.3,0.150000000000002,2019
S13B,Fine Fuels,19.85,20.09,0.239999999999998,2019
S13B,Fine Fuels,20.6,20.73,0.129999999999999,2019
S13B,Fine Fuels,20.95,22.4,1.45,2019
S13B,Fine Fuels,22.58,22.95,0.370000000000001,2019
S13B,Fine Fuels,23.6,24,0.399999999999999,2019
S13B,Fine Fuels,24.3,25.63,1.33,2019
S13B,Fine Fuels,25.81,25.95,0.140000000000001,2019
S13B,Fine Fuels,26.6,26.8,0.199999999999999,2019
S13B,Fine Fuels,27,27.34,0.34,2019
S13B,Fine Fuels,27.91,28.09,0.18,2019
S13B,Fine Fuels,28.4,28.51,0.110000000000003,2019
S13B,Fine Fuels,28.6,29.32,0.719999999999999,2019
S13B,Fine Fuels,29.4,29.6,0.200000000000003,2019
S13B,Fine Fuels,30.1,30.25,0.149999999999999,2019
S13B,Fine Fuels,30.5,32.25,1.75,2019
S13B,Fine Fuels,32.7,33,0.299999999999997,2019
S13B,Fine Fuels,34.4,34.5,0.100000000000001,2019
S13B,Fine Fuels,34.6,34.93,0.329999999999998,2019
S13B,Fine Fuels,35.5,35.59,0.090000000000003,2019
S13B,Fine Fuels,35.71,35.84,0.130000000000003,2019
S13B,Fine Fuels,35.93,37.7,1.77,2019
S13B,Fine Fuels,37.89,38.4,0.509999999999998,2019
S13B,Fine Fuels,38.62,39.02,0.400000000000006,2019
S13B,Fine Fuels,39.5,39.97,0.469999999999999,2019
S13B,Fine Fuels,40,40.15,0.149999999999999,2019
S13B,Fine Fuels,40.5,40.63,0.130000000000003,2019
S13B,Fine Fuels,41.11,41.59,0.480000000000004,2019
S13B,Fine Fuels,41.96,42.4,0.439999999999998,2019
S13B,Fine Fuels,43.21,43.55,0.339999999999996,2019
S13B,Fine Fuels,43.7,45.32,1.62,2019
S13B,Fine Fuels,45.99,47.39,1.4,2019
S13B,Fine Fuels,47.49,49.4,1.91,2019
S13B,Fine Fuels,49.64,50,0.359999999999999,2019
S06B,Shrubs,20.32,20.55,0.23,2019
S06B,Shrubs,23.25,23.45,0.199999999999999,2019
S06B,Shrubs,26.25,27,0.75,2019
S06B,Shrubs,28.45,28.65,0.199999999999999,2019
S06B,Shrubs,36.13,36.88,0.75,2019
S06B,Shrubs,38,38.72,0.719999999999999,2019
S06B,Shrubs,40.48,40.58,0.100000000000001,2019
S06B,Fine Fuels,0,0.29,0.29,2019
S06B,Fine Fuels,0.76,0.96,0.2,2019
S06B,Fine Fuels,1.05,1.97,0.92,2019
S06B,Fine Fuels,2.2,2.81,0.61,2019
S06B,Fine Fuels,2.9,4.96,2.06,2019
S06B,Fine Fuels,5.23,5.4,0.17,2019
S06B,Fine Fuels,5.6,5.71,0.11,2019
S06B,Fine Fuels,5.9,7.45,1.55,2019
S06B,Fine Fuels,7.79,7.9,0.11,2019
S06B,Fine Fuels,8.07,8.27,0.199999999999999,2019
S06B,Fine Fuels,8.5,9.06,0.560000000000001,2019
S06B,Fine Fuels,9.1,9.24,0.140000000000001,2019
S06B,Fine Fuels,9.45,9.59,0.140000000000001,2019
S06B,Fine Fuels,10.01,10.33,0.32,2019
S06B,Fine Fuels,10.65,11.82,1.17,2019
S06B,Fine Fuels,13.99,16.38,2.39,2019
S06B,Fine Fuels,16.5,17.25,0.75,2019
S06B,Fine Fuels,17.51,16.81,-0.700000000000003,2019
S06B,Fine Fuels,18.97,20.32,1.35,2019
S06B,Fine Fuels,20.6,20.81,0.209999999999997,2019
S06B,Fine Fuels,20.9,21.05,0.150000000000002,2019
S06B,Fine Fuels,21.89,22.49,0.599999999999998,2019
S06B,Fine Fuels,23.58,24.39,0.810000000000002,2019
S06B,Fine Fuels,24.6,25.74,1.14,2019
S06B,Fine Fuels,25.89,26.1,0.210000000000001,2019
S06B,Fine Fuels,26.2,26.49,0.289999999999999,2019
S06B,Fine Fuels,27.18,27.81,0.629999999999999,2019
S06B,Fine Fuels,27.94,32.6,4.66,2019
S06B,Fine Fuels,32.88,34.41,1.52999999999999,2019
S06B,Fine Fuels,34.6,35.91,1.31,2019
S06B,Fine Fuels,36.13,36.42,0.289999999999999,2019
S06B,Fine Fuels,36.92,37.42,0.5,2019
S06B,Fine Fuels,37.69,37.96,0.270000000000003,2019
S06B,Fine Fuels,38.78,39,0.219999999999999,2019
S06B,Fine Fuels,39.2,41.49,2.29,2019
S06B,Fine Fuels,41.61,42.99,1.38,2019
S06B,Fine Fuels,43.89,43.95,0.060000000000002,2019
S06B,Fine Fuels,44.49,44.55,0.059999999999995,2019
S06B,Fine Fuels,45.33,45.44,0.109999999999999,2019
S06B,Fine Fuels,45.72,46.34,0.620000000000005,2019
S06B,Fine Fuels,46.48,46.67,0.190000000000005,2019
S06B,Fine Fuels,47.13,47.42,0.289999999999999,2019
S06B,Fine Fuels,47.71,47.91,0.199999999999996,2019
S06B,Fine Fuels,48,48.09,0.090000000000003,2019
S06B,Fine Fuels,48.4,48.54,0.140000000000001,2019
S06B,Fine Fuels,48.7,49.01,0.309999999999995,2019
S06B,Fine Fuels,49.3,50,0.700000000000003,2019
S07B,Shrubs,34.7,34.84,0.140000000000001,2019
S07B,Shrubs,39.81,39.86,0.049999999999997,2019
S07B,Fine Fuels,0,0.55,0.55,2019
S07B,Fine Fuels,0.7,1.45,0.75,2019
S07B,Fine Fuels,1.7,1.81,0.11,2019
S07B,Fine Fuels,1.99,2.91,0.92,2019
S07B,Fine Fuels,3.8,4.11,0.31,2019
S07B,Fine Fuels,4.19,4.35,0.159999999999999,2019
S07B,Fine Fuels,4.8,4.99,0.19,2019
S07B,Fine Fuels,5.49,5.71,0.22,2019
S07B,Fine Fuels,6,6.13,0.13,2019
S07B,Fine Fuels,8.82,9,0.18,2019
S07B,Fine Fuels,9.65,11.35,1.7,2019
S07B,Fine Fuels,11.55,11.67,0.119999999999999,2019
S07B,Fine Fuels,11.91,12.05,0.140000000000001,2019
S07B,Fine Fuels,12.27,12.45,0.18,2019
S07B,Fine Fuels,12.6,13.15,0.550000000000001,2019
S07B,Fine Fuels,13.7,14.05,0.350000000000001,2019
S07B,Fine Fuels,14.3,14.75,0.449999999999999,2019
S07B,Fine Fuels,14.9,19.79,4.89,2019
S07B,Fine Fuels,19.95,20.65,0.699999999999999,2019
S07B,Fine Fuels,20.92,21.07,0.149999999999999,2019
S07B,Fine Fuels,21.22,21.45,0.23,2019
S07B,Fine Fuels,21.55,21.7,0.149999999999999,2019
S07B,Fine Fuels,22.2,22.32,0.120000000000001,2019
S07B,Fine Fuels,22.85,23.1,0.25,2019
S07B,Fine Fuels,23.45,23.55,0.100000000000001,2019
S07B,Fine Fuels,23.85,24.13,0.279999999999998,2019
S07B,Fine Fuels,24.41,24.59,0.18,2019
S07B,Fine Fuels,24.85,24.95,0.099999999999998,2019
S07B,Fine Fuels,25.19,25.3,0.109999999999999,2019
S07B,Fine Fuels,25.8,26.2,0.399999999999999,2019
S07B,Fine Fuels,26.81,27.03,0.220000000000002,2019
S07B,Fine Fuels,27.4,27.6,0.200000000000003,2019
S07B,Fine Fuels,29.15,29.29,0.140000000000001,2019
S07B,Fine Fuels,29.5,29.6,0.100000000000001,2019
S07B,Fine Fuels,30.11,30.31,0.199999999999999,2019
S07B,Fine Fuels,30.61,30.78,0.170000000000002,2019
S07B,Fine Fuels,30.91,31,0.09,2019
S07B,Fine Fuels,31.5,32.15,0.649999999999999,2019
S07B,Fine Fuels,32.85,33.1,0.25,2019
S07B,Fine Fuels,33.5,34.26,0.759999999999998,2019
S07B,Fine Fuels,34.46,34.69,0.229999999999997,2019
S07B,Fine Fuels,35.09,35.3,0.209999999999994,2019
S07B,Fine Fuels,36.5,36.88,0.380000000000003,2019
S07B,Fine Fuels,37.4,37.6,0.200000000000003,2019
S07B,Fine Fuels,37.91,37.99,0.080000000000005,2019
S07B,Fine Fuels,39.99,40.25,0.259999999999998,2019
S07B,Fine Fuels,40.42,40.62,0.199999999999996,2019
S07B,Fine Fuels,41.29,41.59,0.300000000000004,2019
S07B,Fine Fuels,41.9,42.01,0.109999999999999,2019
S07B,Fine Fuels,42.18,44.22,2.04,2019
S07B,Fine Fuels,44.48,44.71,0.230000000000004,2019
S07B,Fine Fuels,45.61,45.84,0.230000000000004,2019
S07B,Fine Fuels,46.29,46.61,0.32,2019
S07B,Fine Fuels,46.71,47.28,0.57,2019
S07B,Fine Fuels,47.75,48.21,0.460000000000001,2019
S07B,Fine Fuels,48.46,48.56,0.100000000000001,2019
S07B,Fine Fuels,48.86,48.97,0.109999999999999,2019
S10B,Shrubs,27.19,27.44,0.25,2019
S10B,Fine Fuels,0.24,0.3,0.06,2019
S10B,Fine Fuels,0.51,0.73,0.22,2019
S10B,Fine Fuels,1.15,1.23,0.08,2019
S10B,Fine Fuels,1.4,1.7,0.3,2019
S10B,Fine Fuels,1.95,2.05,0.1,2019
S10B,Fine Fuels,3.09,3.22,0.13,2019
S10B,Fine Fuels,3.6,3.66,0.06,2019
S10B,Fine Fuels,4.81,5.01,0.199999999999999,2019
S10B,Fine Fuels,6.43,6.55,0.12,2019
S10B,Fine Fuels,7.45,7.57,0.12,2019
S10B,Fine Fuels,7.82,8.05,0.23,2019
S10B,Fine Fuels,8.25,8.45,0.199999999999999,2019
S10B,Fine Fuels,8.61,9.74,1.13,2019
S10B,Fine Fuels,10.11,10.2,0.09,2019
S10B,Fine Fuels,10.5,10.95,0.449999999999999,2019
S10B,Fine Fuels,11.22,11.53,0.309999999999999,2019
S10B,Fine Fuels,12.01,12.12,0.109999999999999,2019
S10B,Fine Fuels,12.4,12.63,0.23,2019
S10B,Fine Fuels,13.19,13.39,0.200000000000001,2019
S10B,Fine Fuels,13.75,13.84,0.09,2019
S10B,Fine Fuels,14.05,14.16,0.109999999999999,2019
S10B,Fine Fuels,14.55,17.33,2.78,2019
S10B,Fine Fuels,17.75,18.06,0.309999999999999,2019
S10B,Fine Fuels,18.13,18.65,0.52,2019
S10B,Fine Fuels,18.95,20.2,1.25,2019
S10B,Fine Fuels,20.47,22.02,1.55,2019
S10B,Fine Fuels,22.14,23.15,1.01,2019
S10B,Fine Fuels,23.2,24.06,0.859999999999999,2019
S10B,Fine Fuels,24.25,24.66,0.41,2019
S10B,Fine Fuels,25.01,25.84,0.829999999999998,2019
S10B,Fine Fuels,26.25,26.44,0.190000000000001,2019
S10B,Fine Fuels,26.5,27.04,0.539999999999999,2019
S10B,Fine Fuels,27.21,28.2,0.989999999999998,2019
S10B,Fine Fuels,28.35,32.3,3.95,2019
S10B,Fine Fuels,32.55,34.09,1.54000000000001,2019
S10B,Fine Fuels,34.22,34.31,0.090000000000003,2019
S10B,Fine Fuels,34.41,38.15,3.74,2019
S10B,Fine Fuels,38.44,38.62,0.18,2019
S10B,Fine Fuels,39.46,39.6,0.140000000000001,2019
S10B,Fine Fuels,39.91,40.82,0.910000000000004,2019
S10B,Fine Fuels,41.09,41.32,0.229999999999997,2019
S10B,Fine Fuels,41.66,41.79,0.130000000000003,2019
S10B,Fine Fuels,43.14,48.97,5.83,2019
S10B,Fine Fuels,49,49.09,0.090000000000003,2019
S10B,Fine Fuels,49.38,50,0.619999999999997,2019
S14B,Shrubs,2.05,2.5,0.45,2019
S14B,Shrubs,3.15,3.22,0.07,2019
S14B,Shrubs,4.05,4.42,0.37,2019
S14B,Shrubs,7.74,7.82,0.08,2019
S14B,Shrubs,9.15,9.25,0.1,2019
S14B,Shrubs,9.39,10.05,0.66,2019
S14B,Shrubs,13.6,13.7,0.1,2019
S14B,Shrubs,14.8,14.96,0.16,2019
S14B,Shrubs,15.69,16.85,1.16,2019
S14B,Shrubs,18.6,19.32,0.719999999999999,2019
S14B,Fine Fuels,0,0.2,0.2,2019
S14B,Fine Fuels,0.5,0.75,0.25,2019
S14B,Fine Fuels,1.3,1.76,0.46,2019
S14B,Fine Fuels,1.81,3.3,1.49,2019
S14B,Fine Fuels,4.21,4.56,0.350000000000001,2019
S14B,Fine Fuels,4.65,4.84,0.19,2019
S14B,Fine Fuels,4.99,5.25,0.26,2019
S14B,Fine Fuels,5.65,5.91,0.26,2019
S14B,Fine Fuels,6.42,6.52,0.1,2019
S14B,Fine Fuels,6.95,7.3,0.35,2019
S14B,Fine Fuels,7.7,8,0.3,2019
S14B,Fine Fuels,8.1,8.22,0.120000000000001,2019
S14B,Fine Fuels,8.49,8.63,0.140000000000001,2019
S14B,Fine Fuels,8.73,12.01,3.28,2019
S14B,Fine Fuels,12.1,12.41,0.31,2019
S14B,Fine Fuels,13.05,13.33,0.279999999999999,2019
S14B,Fine Fuels,13.6,13.71,0.110000000000001,2019
S14B,Fine Fuels,15.4,15.52,0.119999999999999,2019
S14B,Fine Fuels,16.34,16.41,0.07,2019
S14B,Fine Fuels,16.67,16.89,0.219999999999999,2019
S14B,Fine Fuels,17.21,17.37,0.16,2019
S14B,Fine Fuels,18.05,19.6,1.55,2019
S14B,Fine Fuels,20.13,20.61,0.48,2019
S14B,Fine Fuels,20.7,20.93,0.23,2019
S14B,Fine Fuels,21.07,21.51,0.440000000000001,2019
S14B,Fine Fuels,21.65,22.79,1.14,2019
S14B,Fine Fuels,23.02,23.45,0.43,2019
S14B,Fine Fuels,23.6,26.01,2.41,2019
S14B,Fine Fuels,26.25,26.59,0.34,2019
S14B,Fine Fuels,26.93,27.35,0.420000000000002,2019
S14B,Fine Fuels,27.9,28.13,0.23,2019
S14B,Fine Fuels,28.27,31.4,3.13,2019
S14B,Fine Fuels,31.45,34.51,3.06,2019
S14B,Fine Fuels,34.36,36.09,1.73,2019
S14B,Fine Fuels,36.13,37.6,1.47,2019
S14B,Fine Fuels,37.66,39.72,2.06,2019
S14B,Fine Fuels,39.97,40.83,0.859999999999999,2019
S14B,Fine Fuels,40.92,43.92,3,2019
S14B,Fine Fuels,44,46.2,2.2,2019
S14B,Fine Fuels,46.39,46.7,0.310000000000002,2019
S14B,Fine Fuels,46.8,46.97,0.170000000000002,2019
S14B,Fine Fuels,47.05,47.2,0.150000000000006,2019
S14B,Fine Fuels,47.4,47.8,0.399999999999999,2019
S14B,Fine Fuels,48.02,48.49,0.469999999999999,2019
S14B,Fine Fuels,48.6,48.79,0.189999999999998,2019
S14B,Fine Fuels,48.91,49.06,0.150000000000006,2019
S14B,Fine Fuels,49.55,50,0.450000000000003,2019
S11B,Shrubs,0.36,0.55,0.19,2019
S11B,Shrubs,2,2.3,0.3,2019
S11B,Shrubs,5.3,6.33,1.03,2019
S11B,Shrubs,20.1,20.87,0.77,2019
S11B,Shrubs,21.19,21.76,0.57,2019
S11B,Shrubs,25.96,26.29,0.329999999999998,2019
S11B,Shrubs,27.65,28.24,0.59,2019
S11B,Shrubs,30.67,31.31,0.639999999999997,2019
S11B,Shrubs,32.73,32.83,0.100000000000001,2019
S11B,Shrubs,47.7,47.93,0.229999999999997,2019
S11B,Fine Fuels,0.29,0.42,0.13,2019
S11B,Fine Fuels,1.26,1.5,0.24,2019
S11B,Fine Fuels,1.71,1.93,0.22,2019
S11B,Fine Fuels,3.03,3.24,0.21,2019
S11B,Fine Fuels,4.15,4.62,0.47,2019
S11B,Fine Fuels,5.05,5.17,0.12,2019
S11B,Fine Fuels,5.2,7.8,2.6,2019
S11B,Fine Fuels,8.31,8.44,0.129999999999999,2019
S11B,Fine Fuels,8.7,8.75,0.050000000000001,2019
S11B,Fine Fuels,8.91,9.75,0.84,2019
S11B,Fine Fuels,10.19,10.89,0.700000000000001,2019
S11B,Fine Fuels,11.23,11.91,0.68,2019
S11B,Fine Fuels,12.03,12.29,0.26,2019
S11B,Fine Fuels,12.4,12.55,0.15,2019
S11B,Fine Fuels,12.83,13,0.17,2019
S11B,Fine Fuels,13.11,13.29,0.18,2019
S11B,Fine Fuels,13.55,13.85,0.299999999999999,2019
S11B,Fine Fuels,14.43,14.63,0.200000000000001,2019
S11B,Fine Fuels,14.75,15.6,0.85,2019
S11B,Fine Fuels,15.63,16.32,0.69,2019
S11B,Fine Fuels,16.45,18.95,2.5,2019
S11B,Fine Fuels,19.43,20.9,1.47,2019
S11B,Fine Fuels,20.95,21.23,0.280000000000001,2019
S11B,Fine Fuels,21.7,23.85,2.15,2019
S11B,Fine Fuels,24.28,24.35,0.07,2019
S11B,Fine Fuels,24.4,24.85,0.450000000000003,2019
S11B,Fine Fuels,25.58,27.17,1.59,2019
S11B,Fine Fuels,27.23,30.59,3.36,2019
S11B,Fine Fuels,30.65,32.9,2.25,2019
S11B,Fine Fuels,32.97,36.01,3.04,2019
S11B,Fine Fuels,36.1,37.61,1.51,2019
S11B,Fine Fuels,37.7,38.15,0.449999999999996,2019
S11B,Fine Fuels,38.4,38.52,0.120000000000005,2019
S11B,Fine Fuels,38.74,42.81,4.07,2019
S11B,Fine Fuels,42.85,45.83,2.98,2019
S11B,Fine Fuels,46.01,46.14,0.130000000000003,2019
S11B,Fine Fuels,46.4,47.73,1.33,2019
S11B,Fine Fuels,48.1,48.66,0.559999999999995,2019
S11B,Fine Fuels,48.7,49.66,0.959999999999994,2019
S11B,Fine Fuels,49.85,50,0.149999999999999,2019
S01B,Shrubs,9.51,9.95,0.44,2019
S01B,Shrubs,15.65,15.81,0.16,2019
S01B,Shrubs,36.49,37.3,0.809999999999995,2019
S01B,Shrubs,48.04,48.09,0.050000000000004,2019
S01B,Fine Fuels,0,1.99,1.99,2019
S01B,Fine Fuels,2.07,2.5,0.43,2019
S01B,Fine Fuels,3,3.91,0.91,2019
S01B,Fine Fuels,4.01,4.69,0.680000000000001,2019
S01B,Fine Fuels,5.19,5.45,0.26,2019
S01B,Fine Fuels,5.6,5.81,0.210000000000001,2019
S01B,Fine Fuels,5.86,6.4,0.54,2019
S01B,Fine Fuels,6.61,6.83,0.22,2019
S01B,Fine Fuels,6.98,8.24,1.26,2019
S01B,Fine Fuels,8.35,9.05,0.700000000000001,2019
S01B,Fine Fuels,9.14,9.25,0.109999999999999,2019
S01B,Fine Fuels,9.37,10.23,0.860000000000001,2019
S01B,Fine Fuels,10.4,11.71,1.31,2019
S01B,Fine Fuels,11.93,12.42,0.49,2019
S01B,Fine Fuels,12.59,13.31,0.720000000000001,2019
S01B,Fine Fuels,13.8,15.34,1.54,2019
S01B,Fine Fuels,15.45,15.59,0.140000000000001,2019
S01B,Fine Fuels,15.75,16.15,0.399999999999999,2019
S01B,Fine Fuels,16.45,16.6,0.150000000000002,2019
S01B,Fine Fuels,16.7,16.85,0.150000000000002,2019
S01B,Fine Fuels,16.99,17.85,0.860000000000003,2019
S01B,Fine Fuels,18.19,18.25,0.059999999999999,2019
S01B,Fine Fuels,18.3,18.91,0.609999999999999,2019
S01B,Fine Fuels,19.1,19.2,0.099999999999998,2019
S01B,Fine Fuels,19.8,20.45,0.649999999999999,2019
S01B,Fine Fuels,20.6,23.51,2.91,2019
S01B,Fine Fuels,23.6,24.8,1.2,2019
S01B,Fine Fuels,25.01,26.3,1.29,2019
S01B,Fine Fuels,26.6,27.47,0.869999999999997,2019
S01B,Fine Fuels,27.65,27.8,0.150000000000002,2019
S01B,Fine Fuels,28.05,29.8,1.75,2019
S01B,Fine Fuels,29.95,30.02,0.07,2019
S01B,Fine Fuels,30.3,31.34,1.04,2019
S01B,Fine Fuels,32.15,34.39,2.24,2019
S01B,Fine Fuels,34.6,34.76,0.159999999999997,2019
S01B,Fine Fuels,34.9,37.89,2.99,2019
S01B,Fine Fuels,38.25,39.95,1.7,2019
S01B,Fine Fuels,40.07,40.49,0.420000000000002,2019
S01B,Fine Fuels,40.63,40.85,0.219999999999999,2019
S01B,Fine Fuels,41.08,41.19,0.109999999999999,2019
S01B,Fine Fuels,41.31,42.03,0.719999999999999,2019
S01B,Fine Fuels,42.67,43.01,0.339999999999996,2019
S01B,Fine Fuels,43.17,43.45,0.280000000000001,2019
S01B,Fine Fuels,43.89,44.25,0.359999999999999,2019
S01B,Fine Fuels,44.52,44.6,0.079999999999998,2019
S01B,Fine Fuels,44.81,45.83,1.02,2019
S01B,Fine Fuels,46,47,1,2019
S01B,Fine Fuels,47.11,47.23,0.119999999999997,2019
S01B,Fine Fuels,47.35,48.41,1.06,2019
S01B,Fine Fuels,48.5,48.58,0.079999999999998,2019
S01B,Fine Fuels,48.85,49.4,0.549999999999997,2019
S01B,Fine Fuels,49.52,49.83,0.309999999999995,2019
